phish_id,url,phish_detail_url,submission_time,verified,verification_time,online,target
5813079,http://guptaband.com/.well-known/ibabsa/php/absajslogo.php?r=,http://www.phishtank.com/phish_detail.php?phish_id=5813079,2018-10-12T05:01:29+00:00,yes,2018-10-12T05:02:25+00:00,yes,ABSA Bank
5812865,http://ktassa.work/inj/hk_com.dbs.hk.dbsmbanking.php,http://www.phishtank.com/phish_detail.php?phish_id=5812865,2018-10-11T23:52:15+00:00,yes,2018-10-12T00:07:31+00:00,yes,Development Bank of Singapore
5812824,https://procseq158019.000webhostapp.com/Sessi0n_SSi_2555000963/Sessi0n_SSi_2555000963/Sessi0n_SSi_2555000963/2525555_52558x68584854/b0a/,http://www.phishtank.com/phish_detail.php?phish_id=5812824,2018-10-11T22:10:24+00:00,yes,2018-10-12T06:51:06+00:00,yes,Bank of America Corporation
5812821,http://www.sandakolko.com/b8043c9d5b615e009fbaf79d820eb46a/login.php?cmd=login_submit&amp;id=52fd50c43c6db81033397d07dc1ba59052fd50c43c6db81033397d07dc1ba590&amp;session=52fd50c43c6db81033397d07dc1ba59052fd50c43c6db81033397d07dc1ba590,http://www.phishtank.com/phish_detail.php?phish_id=5812821,2018-10-11T22:00:24+00:00,yes,2018-10-12T08:39:26+00:00,yes,Key Bank
5812745,https://cxivio.co.vu/ASB/FASTNET,http://www.phishtank.com/phish_detail.php?phish_id=5812745,2018-10-11T20:29:38+00:00,yes,2018-10-11T20:31:07+00:00,yes,ASB Bank Limited
5812746,https://cxivio.co.vu/ASB/FASTNET/,http://www.phishtank.com/phish_detail.php?phish_id=5812746,2018-10-11T20:29:38+00:00,yes,2018-10-11T21:15:01+00:00,yes,ASB Bank Limited
5812743,https://cxivio.co.vu/rf,http://www.phishtank.com/phish_detail.php?phish_id=5812743,2018-10-11T20:25:31+00:00,yes,2018-10-11T20:28:55+00:00,yes,ASB Bank Limited
5812179,http://schdlxxx.co.za/altcustomerCARD/altCustomerB/images/js.php,http://www.phishtank.com/phish_detail.php?phish_id=5812179,2018-10-11T10:29:19+00:00,yes,2018-10-11T10:30:09+00:00,yes,ABSA Bank
5812129,http://dietmoitangocsh.com/_V263D43YZ9CARWW.xhtml.php,http://www.phishtank.com/phish_detail.php?phish_id=5812129,2018-10-11T08:29:55+00:00,yes,2018-10-12T00:10:18+00:00,yes,Royal Bank of Canada
5812024,http://sizoflintsonline.co.za/IbAbsanoJS/php/changelink.php,http://www.phishtank.com/phish_detail.php?phish_id=5812024,2018-10-11T05:55:37+00:00,yes,2018-10-11T05:56:06+00:00,yes,ABSA Bank
5811907,https://anmtdzxzujzb.de/asb/index.htm,http://www.phishtank.com/phish_detail.php?phish_id=5811907,2018-10-11T00:57:59+00:00,yes,2018-10-11T01:01:04+00:00,yes,ASB Bank Limited
5811023,http://test.konsmetal.org.pl/profiles/standard/translations/Natwest/07f375f18cdf761/login.php?cmd=login_submit&id=&session=,http://www.phishtank.com/phish_detail.php?phish_id=5811023,2018-10-10T07:53:37+00:00,yes,2018-10-10T13:21:32+00:00,yes,NatWest Bank
5811022,http://test.konsmetal.org.pl/profiles/standard/translations/Natwest/,http://www.phishtank.com/phish_detail.php?phish_id=5811022,2018-10-10T07:53:36+00:00,yes,2018-10-10T15:21:29+00:00,yes,NatWest Bank
5810918,http://www.iiporto.com/libraries/joomla/html/language/en-GB/index.php,http://www.phishtank.com/phish_detail.php?phish_id=5810918,2018-10-10T05:45:46+00:00,yes,2018-10-10T05:46:08+00:00,yes,ABSA Bank
5810491,http://www.ourense.co.jp/bnhjbjfv/index.php?guw=kandace.vahrmeyer@ncdsb.com,http://www.phishtank.com/phish_detail.php?phish_id=5810491,2018-10-09T17:33:38+00:00,yes,2018-10-10T12:50:07+00:00,yes,Royal Bank of Canada
5809881,https://platnosci.dhl-parcele.pl/ipko/login.php?pid=1,http://www.phishtank.com/phish_detail.php?phish_id=5809881,2018-10-09T08:34:31+00:00,yes,2018-10-09T09:26:12+00:00,yes,PKO Polish Bank
5809727,http://hoteleslapaloma.com/2014/plugins/quickicon/eosnotify/image.php/,http://www.phishtank.com/phish_detail.php?phish_id=5809727,2018-10-09T05:56:01+00:00,yes,2018-10-09T05:56:17+00:00,yes,ABSA Bank
5809722,http://hoteleslapaloma.com/2014/plugins/quickicon/eosnotify/image.php,http://www.phishtank.com/phish_detail.php?phish_id=5809722,2018-10-09T05:49:26+00:00,yes,2018-10-09T05:49:50+00:00,yes,ABSA Bank
5809683,http://djsft.com/wp-admin/css/colors/blue/_loge.php,http://www.phishtank.com/phish_detail.php?phish_id=5809683,2018-10-09T04:47:34+00:00,yes,2018-10-09T04:48:51+00:00,yes,ABSA Bank
5809469,http://tinyurl.com/y94m7z4r,http://www.phishtank.com/phish_detail.php?phish_id=5809469,2018-10-09T00:05:47+00:00,yes,2018-10-11T12:09:17+00:00,yes,PNC Bank
5809470,http://kenbeer.ca/mobile.pnc.com/pnc/?91941849993270,http://www.phishtank.com/phish_detail.php?phish_id=5809470,2018-10-09T00:05:47+00:00,yes,2018-10-10T13:35:45+00:00,yes,PNC Bank
5809328,https://bargallo.com.mx/bankofamerica/bankofamerica/bankofamerica/login.php?cmd=login_submit&id=NDc4MTA2MTY0NDc4MTA2MTY0&session=NDc4MTA2MTY0NDc4MTA2MTY0,http://www.phishtank.com/phish_detail.php?phish_id=5809328,2018-10-08T21:20:49+00:00,yes,2018-10-12T08:05:02+00:00,yes,Bank of America Corporation
5809230,https://hariomestate.com/ASB/baa3cf6ed5e34b5aaed451ab059f2b81/signin/?country.x=&locale.x=_,http://www.phishtank.com/phish_detail.php?phish_id=5809230,2018-10-08T19:26:35+00:00,yes,2018-10-10T15:22:36+00:00,yes,ASB Bank Limited
5809229,https://hariomestate.com/ASB/index.php,http://www.phishtank.com/phish_detail.php?phish_id=5809229,2018-10-08T19:26:33+00:00,yes,2018-10-08T19:28:25+00:00,yes,ASB Bank Limited
5809214,https://www.grihum.com/ASB/index.php,http://www.phishtank.com/phish_detail.php?phish_id=5809214,2018-10-08T19:21:26+00:00,yes,2018-10-08T19:24:08+00:00,yes,ASB Bank Limited
5808631,http://xn--80aehbifmf8acdejehti7p.xn--p1ai/vvvddf/,http://www.phishtank.com/phish_detail.php?phish_id=5808631,2018-10-08T12:31:43+00:00,yes,2018-10-10T13:09:00+00:00,yes,NatWest Bank
5808425,http://www.sabatina.com/lib/2.php,http://www.phishtank.com/phish_detail.php?phish_id=5808425,2018-10-08T08:15:38+00:00,yes,2018-10-10T02:01:12+00:00,yes,Royal Bank of Scotland
5808424,https://www.videosmile.it/var/E/RBS/,http://www.phishtank.com/phish_detail.php?phish_id=5808424,2018-10-08T08:15:03+00:00,yes,2018-10-09T13:33:48+00:00,yes,Royal Bank of Scotland
5808370,http://geeflyco.com//images_eco/images_eco/login.php/,http://www.phishtank.com/phish_detail.php?phish_id=5808370,2018-10-08T07:29:18+00:00,yes,2018-10-08T07:30:07+00:00,yes,ABSA Bank
5808291,http://elhosna.net/.well-known/php/absajslogo.php,http://www.phishtank.com/phish_detail.php?phish_id=5808291,2018-10-08T05:00:07+00:00,yes,2018-10-08T05:00:37+00:00,yes,ABSA Bank
5807375,https://secure75.securewebsession.com/trr20181006201147255.domtemporario.com.br/cartoes/,http://www.phishtank.com/phish_detail.php?phish_id=5807375,2018-10-06T22:24:16+00:00,yes,2018-10-06T23:13:14+00:00,yes,Bank of America Corporation
5807374,https://secure75.securewebsession.com/trr20181006201147255.domtemporario.com.br/stats/01,http://www.phishtank.com/phish_detail.php?phish_id=5807374,2018-10-06T22:24:14+00:00,yes,2018-10-07T07:07:59+00:00,yes,Bank of America Corporation
5806172,http://djsft.com/wp-admin/css/colors/ectoplasm/_loge.php,http://www.phishtank.com/phish_detail.php?phish_id=5806172,2018-10-05T14:01:35+00:00,yes,2018-10-05T14:02:44+00:00,yes,ABSA Bank
5806126,http://digitalemprestimo.com,http://www.phishtank.com/phish_detail.php?phish_id=5806126,2018-10-05T12:58:38+00:00,yes,2018-10-07T00:42:33+00:00,yes,Safra Bank
5806120,http://geeflyco.com//images_eco/images_eco/login.php,http://www.phishtank.com/phish_detail.php?phish_id=5806120,2018-10-05T12:54:13+00:00,yes,2018-10-05T12:54:38+00:00,yes,ABSA Bank
5806116,http://www.inforserveis.es/libraries/joomla/application/module/index.php,http://www.phishtank.com/phish_detail.php?phish_id=5806116,2018-10-05T12:48:11+00:00,yes,2018-10-05T12:48:41+00:00,yes,ABSA Bank
5804713,http://www.houseien.org/wp-includes/SimplePie/Content/prices_example/generic.php?west=uekabk1h0ahs102,http://www.phishtank.com/phish_detail.php?phish_id=5804713,2018-10-04T08:54:26+00:00,yes,2018-10-04T08:56:19+00:00,yes,ABSA Bank
5803254,http://vmcp10.myhostcenter.com/~nabilosu/,http://www.phishtank.com/phish_detail.php?phish_id=5803254,2018-10-03T01:40:15+00:00,yes,2018-10-03T01:45:33+00:00,yes,Development Bank of Singapore
5803044,https://takseek.com/public_html/ASB,http://www.phishtank.com/phish_detail.php?phish_id=5803044,2018-10-02T20:09:52+00:00,yes,2018-10-02T20:11:12+00:00,yes,ASB Bank Limited
5802788,http://premierempresarial.com/atendimento-empresarial/5APGQA87J4.html?AUTENTICA=8743b52063cd84097a65d1633f5c74f58743b52063cd84097a65d1633f5c74f58743b52063cd84097a65d1633f5c74f58743b52063cd84097a65d1633f5c74f58743b52063cd84097a65d1633f5c74f5,http://www.phishtank.com/phish_detail.php?phish_id=5802788,2018-10-02T16:26:40+00:00,yes,2018-10-02T16:31:26+00:00,yes,Safra Bank
5802227,http://lian-eczemarelief.com/miill/display/prelogon/preauth/authetication/logon/index.htm,http://www.phishtank.com/phish_detail.php?phish_id=5802227,2018-10-02T09:35:33+00:00,yes,2018-10-02T09:46:22+00:00,yes,Bank Millennium
5801071,http://investmentoutletrewardupgrade.co.za/IbAbsanoJS/php/changelink.php?r=,http://www.phishtank.com/phish_detail.php?phish_id=5801071,2018-10-01T11:18:36+00:00,yes,2018-10-01T11:19:24+00:00,yes,ABSA Bank
5800968,http://watedam.co/fk/ipk2.php,http://www.phishtank.com/phish_detail.php?phish_id=5800968,2018-10-01T08:47:36+00:00,yes,2018-10-04T01:47:04+00:00,yes,PKO Polish Bank
5800919,http://hisenseza.co.za/.well-known/pki-validation/_php,http://www.phishtank.com/phish_detail.php?phish_id=5800919,2018-10-01T07:40:07+00:00,yes,2018-10-05T01:40:45+00:00,yes,ABSA Bank
5800909,http://watedam.co/fk/f2.php?,http://www.phishtank.com/phish_detail.php?phish_id=5800909,2018-10-01T07:21:36+00:00,yes,2018-10-01T10:00:22+00:00,yes,PKO Polish Bank
5800847,http://ricecanteen.co.za/altcustomerCARD/altCustomerB/images/js.php,http://www.phishtank.com/phish_detail.php?phish_id=5800847,2018-10-01T05:31:00+00:00,yes,2018-10-04T15:14:43+00:00,yes,ABSA Bank
5800437,http://tinyurl.com/y88ndgqd,http://www.phishtank.com/phish_detail.php?phish_id=5800437,2018-09-30T19:28:31+00:00,yes,2018-10-03T17:40:07+00:00,yes,PNC Bank
5799531,http://scotia-bankalert.com/,http://www.phishtank.com/phish_detail.php?phish_id=5799531,2018-09-29T19:22:38+00:00,yes,2018-09-30T09:49:42+00:00,yes,Scotiabank
5798435,https://drive.google.com/file/d/1KEwqgHJ41mTslDymXqRPmIgrwlbEe_yq/view?usp=drive_open,http://www.phishtank.com/phish_detail.php?phish_id=5798435,2018-09-28T12:24:27+00:00,yes,2018-09-30T18:00:06+00:00,yes,Bank of America Corporation
5798434,https://drive.google.com/open?id=1KEwqgHJ41mTslDymXqRPmIgrwlbEe_yq,http://www.phishtank.com/phish_detail.php?phish_id=5798434,2018-09-28T12:24:26+00:00,yes,2018-10-02T01:49:05+00:00,yes,Bank of America Corporation
5797909,http://reidv.000webhostapp.com/,http://www.phishtank.com/phish_detail.php?phish_id=5797909,2018-09-28T01:08:35+00:00,yes,2018-09-28T20:45:50+00:00,yes,PNC Bank
5797691,http://allianzdelivery.info/index,http://www.phishtank.com/phish_detail.php?phish_id=5797691,2018-09-27T18:31:14+00:00,yes,2018-10-05T03:44:38+00:00,yes,Alliance Bank
5797324,http://toppaint.co.th/js/mage/adminhtml/product/authentications/res/ref/,http://www.phishtank.com/phish_detail.php?phish_id=5797324,2018-09-27T13:58:28+00:00,yes,2018-09-29T08:24:38+00:00,yes,NatWest Bank
5794049,http://www.nordprivateonline.com/ibank/login.php,http://www.phishtank.com/phish_detail.php?phish_id=5794049,2018-09-25T12:44:46+00:00,yes,2018-09-27T00:41:30+00:00,yes,Nordea Bank
5792308,https://payalenterprise.com/js/mage/adminhtml/product/authentications/SSL/Login.php,http://www.phishtank.com/phish_detail.php?phish_id=5792308,2018-09-23T17:17:32+00:00,yes,2018-09-24T21:12:21+00:00,yes,NatWest Bank
5790609,http://web491760.cl523.4everdns.com/js/calendar/authentications/res/ref/,http://www.phishtank.com/phish_detail.php?phish_id=5790609,2018-09-21T12:59:04+00:00,yes,2018-09-22T09:23:23+00:00,yes,NatWest Bank
5790608,https://payalenterprise.com/js/mage/adminhtml/product/authentications/SSL/,http://www.phishtank.com/phish_detail.php?phish_id=5790608,2018-09-21T12:58:51+00:00,yes,2018-09-24T21:12:36+00:00,yes,NatWest Bank
5788686,https://www.getitunescodes.com/,http://www.phishtank.com/phish_detail.php?phish_id=5788686,2018-09-19T10:19:59+00:00,yes,2018-09-20T20:06:38+00:00,yes,ABN AMRO Bank
5788685,https://www.psnzone.com,http://www.phishtank.com/phish_detail.php?phish_id=5788685,2018-09-19T10:18:21+00:00,yes,2018-09-20T23:56:12+00:00,yes,ABN AMRO Bank
5788123,https://nam01.safelinks.protection.outlook.com/?url=http%3A%2F%2Fj.gs%2FBdsp&amp;data=02%7C01%7C%7Ca0d7ceadd488426e57b208d61d89c02f%7C84df9e7fe9f640afb435aaaaaaaaaaaa%7C1%7C0%7C636728874794709396&amp;sdata=3kiB44HlsQYAFSNdUGBGQMrdiJp8FFU6xZj3%2FK8CXHw%3D&amp;reserved=0,http://www.phishtank.com/phish_detail.php?phish_id=5788123,2018-09-18T19:47:59+00:00,yes,2018-09-21T00:17:56+00:00,yes,Bank of America Corporation
5787397,http://ecoachievers.in/admin/ckfinder/absa.co.za.,http://www.phishtank.com/phish_detail.php?phish_id=5787397,2018-09-18T07:10:12+00:00,yes,2018-09-18T07:13:06+00:00,yes,ABSA Bank
5786410,http://geeflyco.com//cnindex.files/_vti_cnf/image.php,http://www.phishtank.com/phish_detail.php?phish_id=5786410,2018-09-17T13:22:46+00:00,yes,2018-09-17T13:23:34+00:00,yes,ABSA Bank
5786201,http://buffalocity.docview.co.za/login.aspx,http://www.phishtank.com/phish_detail.php?phish_id=5786201,2018-09-17T10:39:25+00:00,yes,2018-09-17T10:39:57+00:00,yes,ABSA Bank
5786200,http://buffalocity.docview.co.za,http://www.phishtank.com/phish_detail.php?phish_id=5786200,2018-09-17T10:39:24+00:00,yes,2018-09-17T21:47:06+00:00,yes,ABSA Bank
5786127,https://thetecsolutions.com/site-admin/img/blogImages/gqpmjvbrpmhbd/absaa/index.htm.,http://www.phishtank.com/phish_detail.php?phish_id=5786127,2018-09-17T08:28:48+00:00,yes,2018-09-17T08:31:42+00:00,yes,ABSA Bank
5786126,https://thetecsolutions.com/site-admin/img/blogImages/gqpmjvbrpmhbd/absaa/index.htm,http://www.phishtank.com/phish_detail.php?phish_id=5786126,2018-09-17T08:27:06+00:00,yes,2018-09-17T08:31:09+00:00,yes,ABSA Bank
5786116,http://loanonlineapplication.co.za/absa-online-personal-loan/,http://www.phishtank.com/phish_detail.php?phish_id=5786116,2018-09-17T08:11:19+00:00,yes,2018-09-17T08:12:25+00:00,yes,ABSA Bank
5784926,http://tyr.hu/js/mage/adminhtml/product/authentications/res/ref/,http://www.phishtank.com/phish_detail.php?phish_id=5784926,2018-09-16T13:19:06+00:00,yes,2018-09-19T09:37:57+00:00,yes,NatWest Bank
5783651,http://mail.williamtweedy.com/dailytrendsin5min/msbpr/absa-online/login.jsp,http://www.phishtank.com/phish_detail.php?phish_id=5783651,2018-09-14T09:20:46+00:00,yes,2018-09-17T08:52:11+00:00,yes,ABSA Bank
5783445,http://www.themarketingsite.com/content/ABSA_Feat~1.jpg,http://www.phishtank.com/phish_detail.php?phish_id=5783445,2018-09-14T05:18:58+00:00,yes,2018-09-14T05:19:55+00:00,yes,ABSA Bank
5778048,http://trendmag.ro/js/tiny_mce/plugins/advhr/servic/updat/index.php,http://www.phishtank.com/phish_detail.php?phish_id=5778048,2018-09-09T17:28:15+00:00,yes,2018-09-14T22:15:04+00:00,yes,NatWest Bank
5774750,http://kirche-muenstereifel.de,http://www.phishtank.com/phish_detail.php?phish_id=5774750,2018-09-05T09:44:59+00:00,yes,2018-09-05T09:45:42+00:00,yes,ABSA Bank
5773498,https://universalmobile.in/js/aaoptional/authenticatio/,http://www.phishtank.com/phish_detail.php?phish_id=5773498,2018-09-04T10:10:13+00:00,yes,2018-09-04T21:07:40+00:00,yes,NatWest Bank
5772330,https://absanotices.co.za/Home/Auth?campaignId=8275&leadCode=14094,http://www.phishtank.com/phish_detail.php?phish_id=5772330,2018-09-03T10:31:09+00:00,yes,2018-09-03T10:31:36+00:00,yes,ABSA Bank
5772329,https://absanotices.co.za/hm/200825e,http://www.phishtank.com/phish_detail.php?phish_id=5772329,2018-09-03T10:31:07+00:00,yes,2018-09-05T22:58:28+00:00,yes,ABSA Bank
5772273,http://www.esmaltadosilva.com.br//old/images/login.php,http://www.phishtank.com/phish_detail.php?phish_id=5772273,2018-09-03T09:35:33+00:00,yes,2018-09-03T09:36:06+00:00,yes,ABSA Bank
5767870,https://truecaller.com/search/za/+27659741603 #SpamShame,http://www.phishtank.com/phish_detail.php?phish_id=5767870,2018-08-30T06:31:28+00:00,yes,2018-08-30T06:32:11+00:00,yes,ABSA Bank
5765502,https://enagickangenwellnesswater.com/.well-known/RBS/,http://www.phishtank.com/phish_detail.php?phish_id=5765502,2018-08-28T07:56:49+00:00,yes,2018-08-28T20:18:53+00:00,yes,Royal Bank of Scotland
5761695,https://www.videosmile.it/app/locale/na_west/discovers/,http://www.phishtank.com/phish_detail.php?phish_id=5761695,2018-08-24T11:35:18+00:00,yes,2018-08-27T16:12:23+00:00,yes,NatWest Bank
5759553,http://www.grandstoresksa.com/1.php,http://www.phishtank.com/phish_detail.php?phish_id=5759553,2018-08-22T16:39:43+00:00,yes,2018-08-24T05:08:50+00:00,yes,Royal Bank of Scotland
5758681,http://ogoslon.com.ua/FastNeTASB/rebound.html,http://www.phishtank.com/phish_detail.php?phish_id=5758681,2018-08-21T21:08:29+00:00,yes,2018-08-21T21:10:11+00:00,yes,ASB Bank Limited
5758048,http://online.dbssgltd.com,http://www.phishtank.com/phish_detail.php?phish_id=5758048,2018-08-21T09:54:45+00:00,yes,2018-08-21T10:11:17+00:00,yes,Development Bank of Singapore
5758049,http://dbssgltd.com/includes/menu/themes/default/dbsg/index.html,http://www.phishtank.com/phish_detail.php?phish_id=5758049,2018-08-21T09:54:45+00:00,yes,2018-08-21T10:04:09+00:00,yes,Development Bank of Singapore
5754444,http://zizaflintoffline.co.za/altCustomerB/_php/oform2.html,http://www.phishtank.com/phish_detail.php?phish_id=5754444,2018-08-17T13:43:52+00:00,yes,2018-08-17T13:47:53+00:00,yes,ABSA Bank
5754150,https://www.videosmile.it/var/package/errors/Secure/,http://www.phishtank.com/phish_detail.php?phish_id=5754150,2018-08-17T08:24:29+00:00,yes,2018-08-18T17:46:50+00:00,yes,NatWest Bank
5753889,http://around.cd.am/Default/wp-includes/bankofamerica/e06d07c6/signOnV2Screen.php,http://www.phishtank.com/phish_detail.php?phish_id=5753889,2018-08-17T04:24:11+00:00,yes,2018-08-17T21:08:15+00:00,yes,Bank of America Corporation
5750974,https://asbwverification.com.au/Auth/ASB/ASB,http://www.phishtank.com/phish_detail.php?phish_id=5750974,2018-08-15T01:40:32+00:00,yes,2018-08-15T01:42:16+00:00,yes,ASB Bank Limited
5748688,http://www.hc-editions.com/wp-content/uploads/2016/03/_loge.php,http://www.phishtank.com/phish_detail.php?phish_id=5748688,2018-08-13T05:46:21+00:00,yes,2018-08-13T05:47:17+00:00,yes,ABSA Bank
5746560,http://www.vacationrentalbyhomeowner.com/img/gwmpghndbfbnom/absaa/index.htm,http://www.phishtank.com/phish_detail.php?phish_id=5746560,2018-08-10T16:39:36+00:00,yes,2018-08-10T16:40:22+00:00,yes,ABSA Bank
5745125,http://artlapkin.ru/0CETINFO/BE7647897XI/63466042350/EOY-CPSL,http://www.phishtank.com/phish_detail.php?phish_id=5745125,2018-08-09T11:57:32+00:00,yes,2018-08-12T12:25:41+00:00,yes,Citibank
5743004,http://neptanckellek.hu/LLC/QL45390626999GM/965777839/WT-FPD-Aug-03-2018,http://www.phishtank.com/phish_detail.php?phish_id=5743004,2018-08-07T21:26:02+00:00,yes,2018-08-09T21:50:02+00:00,yes,Bank of America Corporation
5742542,https://www.sernafinanceblog.xyz/user/login,http://www.phishtank.com/phish_detail.php?phish_id=5742542,2018-08-07T14:21:31+00:00,yes,2018-08-08T00:37:15+00:00,yes,Development Bank of Singapore
5740607,https://enagickangenwellnesswater.com/CreditCard/RBS/,http://www.phishtank.com/phish_detail.php?phish_id=5740607,2018-08-06T08:02:48+00:00,yes,2018-08-07T13:45:05+00:00,yes,Royal Bank of Scotland
5738758,http://www.allocacoc.co.in/upload_blogpic/nshnowmndjd/absaa/index2.php,http://www.phishtank.com/phish_detail.php?phish_id=5738758,2018-08-03T15:43:42+00:00,yes,2018-08-03T15:44:09+00:00,yes,ABSA Bank
5738738,https://www.parkerbusinesseducation.xyz/user/login,http://www.phishtank.com/phish_detail.php?phish_id=5738738,2018-08-03T14:58:39+00:00,yes,2018-08-05T09:50:05+00:00,yes,Development Bank of Singapore
5737310,http://www.komalsen.in/,http://www.phishtank.com/phish_detail.php?phish_id=5737310,2018-08-02T08:04:45+00:00,yes,2018-08-05T16:02:49+00:00,yes,Independent Bank Corp
5737309,http://komalsen.in,http://www.phishtank.com/phish_detail.php?phish_id=5737309,2018-08-02T08:04:42+00:00,yes,2018-08-05T16:56:51+00:00,yes,Independent Bank Corp
5733904,https://www.club21ids.is/,http://www.phishtank.com/phish_detail.php?phish_id=5733904,2018-07-30T07:34:03+00:00,yes,2018-08-06T02:15:56+00:00,yes,Nantucket Bank
5733880,http://albavira.ru/hdec/phpFiles/ofrom2.html,http://www.phishtank.com/phish_detail.php?phish_id=5733880,2018-07-30T07:21:05+00:00,yes,2018-07-30T07:24:16+00:00,yes,ABSA Bank
5732364,https://europeantransfer.com/layouts/online.asb.co.nz/auth/index.htm,http://www.phishtank.com/phish_detail.php?phish_id=5732364,2018-07-27T20:35:22+00:00,yes,2018-07-31T01:59:43+00:00,yes,ASB Bank Limited
5729632,https://latesttop10products.blogspot.com/,http://www.phishtank.com/phish_detail.php?phish_id=5729632,2018-07-26T08:36:46+00:00,yes,2018-08-06T02:19:04+00:00,yes,Alliance Bank
5729631,https://webhostingcouponcodes365.blogspot.com/,http://www.phishtank.com/phish_detail.php?phish_id=5729631,2018-07-26T08:34:57+00:00,yes,2018-08-06T02:19:04+00:00,yes,Amarillio National Bank
5729565,http://elsotoproduction.com/hdec/htmlFiles/oform2.html,http://www.phishtank.com/phish_detail.php?phish_id=5729565,2018-07-26T06:30:20+00:00,yes,2018-07-26T06:34:24+00:00,yes,ABSA Bank
5729417,http://www.freethreatanalysis.com/csdcsvsdv/,http://www.phishtank.com/phish_detail.php?phish_id=5729417,2018-07-25T17:51:10+00:00,yes,2018-08-04T16:13:21+00:00,yes,Bank of America Corporation
5729416,http://www.freethreatanalysis.com/csdcsvsdv,http://www.phishtank.com/phish_detail.php?phish_id=5729416,2018-07-25T17:51:08+00:00,yes,2018-08-04T01:49:22+00:00,yes,Bank of America Corporation
5729249,http://teny.seonewlink.com/815460PZ562974ZJ0sW0hg38eZr34163sq,http://www.phishtank.com/phish_detail.php?phish_id=5729249,2018-07-25T13:28:18+00:00,yes,2018-08-01T20:57:38+00:00,yes,Fifth Third Bank
5729217,http://fertimex.co.id/wp-content/uploads/elementor/modules/redirect.html,http://www.phishtank.com/phish_detail.php?phish_id=5729217,2018-07-25T13:11:58+00:00,yes,2018-08-01T20:49:01+00:00,yes,American Express
5725626,http://www.topicmonster.com/survey/jn50kza/source=TAZA-tm27aa5/subid=13625j-za22m-mb&subid2=shane.wade%40bawsouthafrica.co.za,http://www.phishtank.com/phish_detail.php?phish_id=5725626,2018-07-18T12:09:00+00:00,yes,2018-07-18T12:12:18+00:00,yes,ABSA Bank
5724893,http://daniaviation.com/gmail.html,http://www.phishtank.com/phish_detail.php?phish_id=5724893,2018-07-17T12:34:18+00:00,yes,2018-07-18T12:06:22+00:00,yes,First Federal Bank of California
5724875,http://azenka.com.br/naza/wp-content/uploads/2018/01/scotiabank.com.htm,http://www.phishtank.com/phish_detail.php?phish_id=5724875,2018-07-17T12:23:44+00:00,yes,2018-07-17T17:25:10+00:00,yes,Scotiabank
5724398,http://hoteleslapaloma.com//burial/apex.html,http://www.phishtank.com/phish_detail.php?phish_id=5724398,2018-07-16T21:03:58+00:00,yes,2018-07-19T01:21:33+00:00,yes,ABSA Bank
5723239,http://quatruykich24h.com/Root/sso/index.php,http://www.phishtank.com/phish_detail.php?phish_id=5723239,2018-07-15T00:36:12+00:00,yes,2018-07-21T00:47:34+00:00,yes,ABN AMRO Bank
5723238,http://quatruykich24h.com/,http://www.phishtank.com/phish_detail.php?phish_id=5723238,2018-07-15T00:35:40+00:00,yes,2018-07-23T07:51:26+00:00,yes,ABN AMRO Bank
5723157,https://tutuappdownloadapk.com/,http://www.phishtank.com/phish_detail.php?phish_id=5723157,2018-07-14T21:32:37+00:00,yes,2018-07-21T00:47:34+00:00,yes,ABSA Bank
5722035,http://www.delmasmall.co.za/index.php,http://www.phishtank.com/phish_detail.php?phish_id=5722035,2018-07-13T08:18:41+00:00,yes,2018-07-13T08:21:09+00:00,yes,ABSA Bank
5718092,http://mester.info.hu/payee/secures/,http://www.phishtank.com/phish_detail.php?phish_id=5718092,2018-07-09T08:48:17+00:00,yes,2018-07-10T01:23:35+00:00,yes,NatWest Bank
5717961,https://dbs.voicestorm.com/Auth,http://www.phishtank.com/phish_detail.php?phish_id=5717961,2018-07-09T02:18:45+00:00,yes,2018-07-09T19:00:54+00:00,yes,Development Bank of Singapore
5717960,https://link.voicestorm.com/Link/475501/User/Register?email=abuse%40dbs.com&amp;verificationCode=2FJ0MB&amp;sender=34&amp;__c=475501_InvitationReminder_4061_DySi,http://www.phishtank.com/phish_detail.php?phish_id=5717960,2018-07-09T02:18:44+00:00,yes,2018-07-14T09:54:08+00:00,yes,Development Bank of Singapore
5717496,http://www.polediffusion.com/css/smoothness/images/todd/,http://www.phishtank.com/phish_detail.php?phish_id=5717496,2018-07-08T10:08:34+00:00,yes,2018-07-09T02:19:14+00:00,yes,NatWest Bank
5712875,https://shemaletubeweb.com/wp-includes/IXR/mobile/service/index.php,http://www.phishtank.com/phish_detail.php?phish_id=5712875,2018-07-03T04:09:38+00:00,yes,2018-07-03T04:55:38+00:00,yes,ABSA Bank
5709996,http://nadiacarmo.com/re-write/images/index.html,http://www.phishtank.com/phish_detail.php?phish_id=5709996,2018-06-29T12:16:09+00:00,yes,2018-06-30T23:52:20+00:00,yes,Branch Banking and Trust Company
5705886,http://rv-plitka.ru/system/policy.html,http://www.phishtank.com/phish_detail.php?phish_id=5705886,2018-06-25T19:25:18+00:00,yes,2018-06-29T14:56:24+00:00,yes,Bank of America Corporation
5705635,https://storage.googleapis.com/21-bofa/signin.html,http://www.phishtank.com/phish_detail.php?phish_id=5705635,2018-06-25T18:15:22+00:00,yes,2018-06-29T15:17:59+00:00,yes,Bank of America Corporation
5705481,http://www.totorretravell.com,http://www.phishtank.com/phish_detail.php?phish_id=5705481,2018-06-25T16:35:51+00:00,yes,2018-06-25T17:03:23+00:00,yes,ASB Bank Limited
5703009,http://nabappmobile.com/,http://www.phishtank.com/phish_detail.php?phish_id=5703009,2018-06-23T03:11:19+00:00,yes,2018-06-28T10:40:32+00:00,yes,National Australia Bank
5702998,http://nabmobileservices.com/,http://www.phishtank.com/phish_detail.php?phish_id=5702998,2018-06-23T03:06:37+00:00,yes,2018-06-29T16:55:05+00:00,yes,National Australia Bank
5702997,http://www.nabmobileservices.com/,http://www.phishtank.com/phish_detail.php?phish_id=5702997,2018-06-23T03:06:35+00:00,yes,2018-06-28T20:50:21+00:00,yes,National Australia Bank
5700204,http://iamintellectuallypromiscuous.com/subtotest/test/asbpage/index.html,http://www.phishtank.com/phish_detail.php?phish_id=5700204,2018-06-21T02:09:51+00:00,yes,2018-06-21T02:11:24+00:00,yes,ASB Bank Limited
5677396,http://the-wickwire.ca/img/newupgrade/,http://www.phishtank.com/phish_detail.php?phish_id=5677396,2018-05-26T06:24:11+00:00,yes,2018-05-29T02:14:19+00:00,yes,Bank of America Corporation
5648595,https://tempodancewear.com.au/modules/mod_login/mod_error/Secure/,http://www.phishtank.com/phish_detail.php?phish_id=5648595,2018-05-23T11:25:51+00:00,yes,2018-05-24T11:17:56+00:00,yes,NatWest Bank
5629528,http://welcomehomedogrescue.com/w/,http://www.phishtank.com/phish_detail.php?phish_id=5629528,2018-05-17T02:43:53+00:00,yes,2018-05-19T20:13:38+00:00,yes,Bank of America Corporation
5627944,http://www.laurellakehouse.com/wp-content/plugins/sad/91a1552e72730701911985a3de8b4895,http://www.phishtank.com/phish_detail.php?phish_id=5627944,2018-05-15T20:34:08+00:00,yes,2018-05-15T20:35:51+00:00,yes,ASB Bank Limited
5620324,http://ifeed.co.kr/asbs.php,http://www.phishtank.com/phish_detail.php?phish_id=5620324,2018-05-09T01:25:13+00:00,yes,2018-05-09T01:26:50+00:00,yes,ASB Bank Limited
5619280,http://www.catwalkcorner.co.uk/js/calendar/error/site/Secure/,http://www.phishtank.com/phish_detail.php?phish_id=5619280,2018-05-08T13:56:37+00:00,yes,2018-05-14T09:39:39+00:00,yes,Lloyds Bank
5611432,http://hausbau.rs/modules/mod_error/Secure/,http://www.phishtank.com/phish_detail.php?phish_id=5611432,2018-05-03T09:22:14+00:00,yes,2018-05-11T03:12:19+00:00,yes,Lloyds Bank
5607694,http://melpollockcustomhomes.com/preauth/auth/index.htm,http://www.phishtank.com/phish_detail.php?phish_id=5607694,2018-05-01T02:43:17+00:00,yes,2018-05-01T03:35:04+00:00,yes,ASB Bank Limited
5607549,http://ifeed.co.kr/asb.php,http://www.phishtank.com/phish_detail.php?phish_id=5607549,2018-04-30T23:46:28+00:00,yes,2018-05-13T22:49:02+00:00,yes,ASB Bank Limited
5603443,https://fls.doubleclick.net/activityi;src=1359940;type=email153;cat=al,http://www.phishtank.com/phish_detail.php?phish_id=5603443,2018-04-26T13:32:49+00:00,yes,2018-05-14T14:58:05+00:00,yes,Bank of America Corporation
5603444,https://1359940.fls.doubleclick.net/activityi;src=1359940;type=email153;cat=al,http://www.phishtank.com/phish_detail.php?phish_id=5603444,2018-04-26T13:32:49+00:00,yes,2018-05-20T22:39:42+00:00,yes,Bank of America Corporation
5602612,https://www.adventurediscoverytravel.com/,http://www.phishtank.com/phish_detail.php?phish_id=5602612,2018-04-25T16:51:11+00:00,yes,2018-05-14T14:58:07+00:00,yes,Bank of America Corporation
5600973,http://veterinar.kharkov.ua/mbc.rses/sc.php,http://www.phishtank.com/phish_detail.php?phish_id=5600973,2018-04-24T08:18:27+00:00,yes,2018-04-24T08:19:39+00:00,yes,ABSA Bank
5600212,https://wgl-fileserver-documentall.s3.amazonaws.com/templates/3dbd2e73-dae9-4011-81d4-89bccbeba6e8-1499461409572.png,http://www.phishtank.com/phish_detail.php?phish_id=5600212,2018-04-23T19:15:48+00:00,yes,2018-06-11T15:33:24+00:00,yes,ABN AMRO Bank
5599326,https://www.google.com/url?sa=t&rct=j&q=&esrc=s&source=web&cd=1&cad=rja&uact=8&ved=0ahUKEwjl85mT1sXKAhUEgYMKHTuRDPcQFgggMAA&url=https%3A%2F%2Fwww.lloydsbank.com%2F&usg=AFQjCNHwnOsaDFecNsQiIcucp1tSwmqtWg&sig2=qKpLAIIoypujYJ9reKFD3g,http://www.phishtank.com/phish_detail.php?phish_id=5599326,2018-04-22T22:39:36+00:00,yes,2018-05-14T14:58:10+00:00,yes,Royal Bank of Scotland
5599093,http://www.comicbookhelp.com/wp-content/plugins/components/servlet/authgmx/,http://www.phishtank.com/phish_detail.php?phish_id=5599093,2018-04-22T12:22:35+00:00,yes,2018-04-22T22:10:49+00:00,yes,Bank of America Corporation
5598348,http://avers-gydrostroi.ru/cpen.scbs/sc1.php,http://www.phishtank.com/phish_detail.php?phish_id=5598348,2018-04-21T07:20:03+00:00,yes,2018-04-21T07:21:39+00:00,yes,ABSA Bank
5598298,http://gg.gg/9rxly,http://www.phishtank.com/phish_detail.php?phish_id=5598298,2018-04-21T06:13:51+00:00,yes,2018-05-14T09:37:32+00:00,yes,Banco De Brasil
5596498,https://kelanajayarotaryclub.com/,http://www.phishtank.com/phish_detail.php?phish_id=5596498,2018-04-19T07:08:55+00:00,yes,2018-04-19T07:10:30+00:00,yes,ABSA Bank
5596497,http://kelanajayarotaryclub.org/2015absapage/loginContinue2.php,http://www.phishtank.com/phish_detail.php?phish_id=5596497,2018-04-19T07:08:54+00:00,yes,2018-05-14T14:58:12+00:00,yes,ABSA Bank
5594139,http://www.101-prototype.com/medical-equipment-prototype/,http://www.phishtank.com/phish_detail.php?phish_id=5594139,2018-04-17T09:03:11+00:00,yes,2018-05-14T09:45:46+00:00,yes,Allied Bank Limited
5592768,http://redcapbb.org/express2018/php/loginContinue2.php,http://www.phishtank.com/phish_detail.php?phish_id=5592768,2018-04-16T06:43:49+00:00,yes,2018-04-16T06:45:34+00:00,yes,ABSA Bank
5563635,https://sea-business-19.hostwindsdns.com/~hlznudiq,http://www.phishtank.com/phish_detail.php?phish_id=5563635,2018-04-02T20:26:39+00:00,yes,2018-04-08T22:39:34+00:00,yes,ASB Bank Limited
5530237,http://www.aprireuncallcenter.com,http://www.phishtank.com/phish_detail.php?phish_id=5530237,2018-03-14T18:51:13+00:00,yes,2018-04-02T01:32:49+00:00,yes,Discover Bank
5526398,http://gajsiddhiglobal.com/mgs/,http://www.phishtank.com/phish_detail.php?phish_id=5526398,2018-03-13T05:15:26+00:00,yes,2018-03-30T15:55:27+00:00,yes,National Australia Bank
5487778,https://www.kisa.link/url_redirector.php?url=7fR,http://www.phishtank.com/phish_detail.php?phish_id=5487778,2018-02-20T20:54:42+00:00,yes,2018-03-29T00:21:45+00:00,yes,Volksbanken Raiffeisenbanken
5487777,https://www.kisa.link/error.html?e=Bu+k%C4%B1sa+link+art%C4%B1k+aktif+de%C4%9Fildir,http://www.phishtank.com/phish_detail.php?phish_id=5487777,2018-02-20T20:54:34+00:00,yes,2018-03-19T02:51:35+00:00,yes,Volksbanken Raiffeisenbanken
5487776,https://heg.tc/7fR,http://www.phishtank.com/phish_detail.php?phish_id=5487776,2018-02-20T20:54:32+00:00,yes,2018-03-29T18:01:15+00:00,yes,Volksbanken Raiffeisenbanken
5486888,https://yahoo.klantenservicetelefoonnummernederland.com,http://www.phishtank.com/phish_detail.php?phish_id=5486888,2018-02-20T07:11:23+00:00,yes,2018-03-29T00:21:46+00:00,yes,Australia and New Zealand Banking Group Limited
5486880,http://iit-xdl.s3-website-ap-southeast-2.amazonaws.com/nab/nabtrade/ntapp/pages/login/?error=y&amp;warning=y&amp;validate=failure,http://www.phishtank.com/phish_detail.php?phish_id=5486880,2018-02-20T06:54:43+00:00,yes,2018-02-22T00:15:58+00:00,yes,National Australia Bank
5476407,http://www.betwin188.online/,http://www.phishtank.com/phish_detail.php?phish_id=5476407,2018-02-12T07:02:05+00:00,yes,2018-02-18T21:58:59+00:00,yes,Allied Bank Limited
5471477,http://www.kostow.pl//wp-admin/img/2/index.htm,http://www.phishtank.com/phish_detail.php?phish_id=5471477,2018-02-08T21:26:07+00:00,yes,2018-02-08T21:39:26+00:00,yes,ASB Bank Limited
5456884,https://myvisioninteriordesign.com/,http://www.phishtank.com/phish_detail.php?phish_id=5456884,2018-01-31T09:28:35+00:00,yes,2018-02-18T20:23:25+00:00,yes,Citibank
5439572,https://chromebrowser00.livejournal.com/profile,http://www.phishtank.com/phish_detail.php?phish_id=5439572,2018-01-20T05:57:51+00:00,yes,2018-02-18T20:21:43+00:00,yes,Alliance Bank
5393139,http://www.vatti-chinabest.com/hood/slim-hood/,http://www.phishtank.com/phish_detail.php?phish_id=5393139,2017-12-21T03:50:51+00:00,yes,2018-03-01T23:08:42+00:00,yes,Allied Bank Limited
5381945,http://solutionshub.sitey.me/,http://www.phishtank.com/phish_detail.php?phish_id=5381945,2017-12-14T09:03:53+00:00,yes,2018-02-18T20:47:05+00:00,yes,Australia and New Zealand Banking Group Limited
5341441,https://digerati.org/redirect.php?url=http://www.masseriachiancarella.com/de/indexb.php/?sec=Max&amp;token=Mustermann,http://www.phishtank.com/phish_detail.php?phish_id=5341441,2017-11-19T21:31:06+00:00,yes,2018-02-27T09:00:19+00:00,yes,Barclays Bank PLC
5332808,http://www.riotravel.ru,http://www.phishtank.com/phish_detail.php?phish_id=5332808,2017-11-14T13:23:03+00:00,yes,2018-02-18T20:22:03+00:00,yes,ABSA Bank
5332676,http://noeltechnologies.com/images/parallax/nn/,http://www.phishtank.com/phish_detail.php?phish_id=5332676,2017-11-14T10:35:44+00:00,yes,2017-11-20T20:16:40+00:00,yes,NatWest Bank
5322001,http://straplesssuspenders.com/wp-content/themes/default/rss.php,http://www.phishtank.com/phish_detail.php?phish_id=5322001,2017-11-08T13:36:07+00:00,yes,2017-11-11T17:39:52+00:00,yes,Key Bank
5307777,http://fonteschiropracticwellness.com/,http://www.phishtank.com/phish_detail.php?phish_id=5307777,2017-10-30T23:40:58+00:00,yes,2018-02-18T20:22:06+00:00,yes,Australia and New Zealand Banking Group Limited
5294406,http://www.lider-revda.ru/peace/,http://www.phishtank.com/phish_detail.php?phish_id=5294406,2017-10-23T06:24:21+00:00,yes,2017-12-15T05:19:41+00:00,yes,Allied Bank Limited
5283166,http://dachdeckermeister-steffenoehler.de/libraries/joomla/http/transport/http/,http://www.phishtank.com/phish_detail.php?phish_id=5283166,2017-10-16T12:39:09+00:00,yes,2017-12-11T23:48:04+00:00,yes,PNC Bank
5282864,http://www.nopyui.men/usbnkpoiiuwycbnkjshtyuiropwsdj/sdfghjkpoiuytrertywcvbnm/usbnwertuixcvbnfghaldketeyu/usbnkwryeurtagsgdjpje/,http://www.phishtank.com/phish_detail.php?phish_id=5282864,2017-10-16T08:52:07+00:00,yes,2017-12-11T11:37:30+00:00,yes,US Bank
5241796,http://www.maruei.com.br/stur.php,http://www.phishtank.com/phish_detail.php?phish_id=5241796,2017-09-22T05:59:48+00:00,yes,2017-09-22T06:07:38+00:00,yes,Capitec Bank
5239899,http://wapol-laser.pl/bhac.php,http://www.phishtank.com/phish_detail.php?phish_id=5239899,2017-09-21T07:30:22+00:00,yes,2017-09-21T08:07:14+00:00,yes,Capitec Bank
5232345,http://fremontriverrock.jaredspaulding.com/wp-content/file/,http://www.phishtank.com/phish_detail.php?phish_id=5232345,2017-09-19T11:50:58+00:00,yes,2017-11-28T23:48:08+00:00,yes,Lloyds Bank
5215163,http://universitylanguageschool.com/wp-admin/images/index.php,http://www.phishtank.com/phish_detail.php?phish_id=5215163,2017-09-12T06:40:41+00:00,yes,2017-11-28T18:12:05+00:00,yes,CIMB Bank
5212712,https://sociedadcolombianadefisica.org.co/siga/stil/image/processing.php,http://www.phishtank.com/phish_detail.php?phish_id=5212712,2017-09-10T15:40:35+00:00,yes,2018-02-09T12:36:57+00:00,yes,Bank of America Corporation
5194656,http://www.boucherierenerichard.com/te,http://www.phishtank.com/phish_detail.php?phish_id=5194656,2017-08-31T21:11:37+00:00,yes,2017-11-08T21:33:17+00:00,yes,Citibank
5194657,http://www.boucherierenerichard.com/te/,http://www.phishtank.com/phish_detail.php?phish_id=5194657,2017-08-31T21:11:37+00:00,yes,2017-11-11T19:48:21+00:00,yes,Citibank
5181853,https://elsembrador.com.mx/wp-includes/js/js.htm,http://www.phishtank.com/phish_detail.php?phish_id=5181853,2017-08-25T15:05:29+00:00,yes,2017-12-10T15:02:31+00:00,yes,PNC Bank
5167797,http://www.tammysquilting.com.au/tam.htm,http://www.phishtank.com/phish_detail.php?phish_id=5167797,2017-08-19T08:57:55+00:00,yes,2017-09-22T22:30:46+00:00,yes,Metro Bank
5114745,http://jadilop.org/wp-admin/maint/Online.html,http://www.phishtank.com/phish_detail.php?phish_id=5114745,2017-07-24T18:12:55+00:00,yes,2017-10-22T20:37:45+00:00,yes,Key Bank
5105492,http://www.niloimpex.com/SgGrvUWxML/index.php?uzr=,http://www.phishtank.com/phish_detail.php?phish_id=5105492,2017-07-19T18:09:52+00:00,yes,2017-11-01T21:06:30+00:00,yes,Bank of America Corporation
5096109,http://doubleedgemusic.com/wp-includes/ID3/loag-/,http://www.phishtank.com/phish_detail.php?phish_id=5096109,2017-07-13T15:36:50+00:00,yes,2017-09-05T23:49:09+00:00,yes,Branch Banking and Trust Company
5084597,http://tmsvent.ru/layouts/joomla/edit/js/1/,http://www.phishtank.com/phish_detail.php?phish_id=5084597,2017-07-06T20:11:04+00:00,yes,2017-10-07T12:26:54+00:00,yes,Branch Banking and Trust Company
5031037,http://www.unionnet-customer.com/wp/cand/nde.fnes/acbs/rnuc.php,http://www.phishtank.com/phish_detail.php?phish_id=5031037,2017-05-31T15:42:54+00:00,yes,2017-05-31T16:09:55+00:00,yes,Capitec Bank
5003434,http://nenthom.org/library/php/includes/languages/english/images/pcfn/1/,http://www.phishtank.com/phish_detail.php?phish_id=5003434,2017-05-17T14:23:15+00:00,yes,2017-05-26T21:46:30+00:00,yes,PNC Bank
4985360,http://hormontant.se/wp-includes/css/picuter/www.pnc/page/verification/online/1/index.html,http://www.phishtank.com/phish_detail.php?phish_id=4985360,2017-05-06T19:33:29+00:00,yes,2017-05-07T10:19:39+00:00,yes,PNC Bank
4977085,http://hubenbartl.at/www.google.com/,http://www.phishtank.com/phish_detail.php?phish_id=4977085,2017-05-02T23:29:07+00:00,yes,2017-05-03T10:45:00+00:00,yes,National Australia Bank
4939385,http://news.violetpalm.com/re?l=D0I10eagl4IaagudewI0,http://www.phishtank.com/phish_detail.php?phish_id=4939385,2017-04-10T23:43:22+00:00,yes,2017-05-01T21:42:35+00:00,yes,National Australia Bank
4879569,http://guiguipartenlive.free.fr/templates/rhuk_milkyway/html/p/,http://www.phishtank.com/phish_detail.php?phish_id=4879569,2017-03-16T15:21:43+00:00,yes,2017-03-16T17:15:47+00:00,yes,PNC Bank
4877611,http://www.hrt.is/xxx.php,http://www.phishtank.com/phish_detail.php?phish_id=4877611,2017-03-15T16:44:54+00:00,yes,2017-03-17T17:17:36+00:00,yes,Allied Bank Limited
4841347,ftp://188.128.111.33/IPTV/TV1324/view.html,http://www.phishtank.com/phish_detail.php?phish_id=4841347,2017-02-25T15:33:35+00:00,yes,2017-03-24T14:58:56+00:00,yes,Bank of America Corporation
4783967,http://www.lakesidefestival.nl/images/fotos/2013-01/thumbs/homer/login.html,http://www.phishtank.com/phish_detail.php?phish_id=4783967,2017-02-01T21:29:48+00:00,yes,2017-03-23T13:39:19+00:00,yes,NatWest Bank
4781109,http://araratinitibari.com/ban.htm,http://www.phishtank.com/phish_detail.php?phish_id=4781109,2017-01-31T19:17:19+00:00,yes,2017-03-02T01:35:22+00:00,yes,Discover Bank
4770102,http://elimiscar.com/profiles/minimal/translations/login.html,http://www.phishtank.com/phish_detail.php?phish_id=4770102,2017-01-26T10:04:12+00:00,yes,2017-06-28T13:02:02+00:00,yes,NatWest Bank
4748501,http://gsm-klinika.si/media/editorss/,http://www.phishtank.com/phish_detail.php?phish_id=4748501,2017-01-16T11:53:13+00:00,yes,2017-02-12T00:45:26+00:00,yes,Bank of America Corporation
4679077,http://dichvuvnpt.com/home/components/com_user/bbtonline.html,http://www.phishtank.com/phish_detail.php?phish_id=4679077,2016-12-13T16:54:24+00:00,yes,2016-12-15T11:12:15+00:00,yes,Branch Banking and Trust Company
4360155,http://qeautybox.com/fataidata/Home%20-%20First%20National%20Bank%20-%20FNB.htm,http://www.phishtank.com/phish_detail.php?phish_id=4360155,2016-08-10T06:26:09+00:00,yes,2016-10-19T13:26:38+00:00,yes,First National Bank (South Africa)
4311684,http://hauslavendel.at/online./asb.co.nz/index.htm,http://www.phishtank.com/phish_detail.php?phish_id=4311684,2016-07-20T23:08:36+00:00,yes,2016-07-21T00:07:38+00:00,yes,ASB Bank Limited
4311683,http://www.hauslavendel.at/online./asb.co.nz/index.htm,http://www.phishtank.com/phish_detail.php?phish_id=4311683,2016-07-20T23:08:34+00:00,yes,2016-07-20T23:10:42+00:00,yes,ASB Bank Limited
4166166,http://torahacademymil.org/TAM-spice/thumbs/LoginNAB.html,http://www.phishtank.com/phish_detail.php?phish_id=4166166,2016-06-10T14:26:00+00:00,yes,2016-06-15T10:54:47+00:00,yes,National Australia Bank
4116876,http://www.familylifebc.com/ruam.php,http://www.phishtank.com/phish_detail.php?phish_id=4116876,2016-05-27T06:15:58+00:00,yes,2016-05-27T07:16:42+00:00,yes,Capitec Bank
4002010,http://www.alexholiday.com/hotel/blommu.htm,http://www.phishtank.com/phish_detail.php?phish_id=4002010,2016-04-25T11:24:32+00:00,yes,2016-08-04T12:26:45+00:00,yes,National Australia Bank
4002006,http://www.mautam.org/blog/wp-content/gallery/stpadre/fin.php,http://www.phishtank.com/phish_detail.php?phish_id=4002006,2016-04-25T11:02:30+00:00,yes,2016-09-09T11:38:19+00:00,yes,Barclays Bank PLC
3943338,http://www.segurosandina.com/wp-content/upgrade/10g1ns/,http://www.phishtank.com/phish_detail.php?phish_id=3943338,2016-04-05T19:57:57+00:00,yes,2016-04-05T21:51:55+00:00,yes,Barclays Bank PLC
3939791,http://www.portugalkaraoke.com/atye.php,http://www.phishtank.com/phish_detail.php?phish_id=3939791,2016-04-04T05:36:44+00:00,yes,2016-04-04T06:14:45+00:00,yes,Capitec Bank
3912471,http://drinkanddialtoronto.com/wp-admin/images/,http://www.phishtank.com/phish_detail.php?phish_id=3912471,2016-03-22T19:58:42+00:00,yes,2016-03-22T20:33:13+00:00,yes,ASB Bank Limited
3679791,http://abcbirding.com/wp-includes/sess/8181026549/verify3.html,http://www.phishtank.com/phish_detail.php?phish_id=3679791,2015-12-11T05:08:18+00:00,yes,2015-12-16T02:22:39+00:00,yes,Standard Bank Ltd.
3646324,http://countryfriedmix.net/modules/mod_footer/index.php,http://www.phishtank.com/phish_detail.php?phish_id=3646324,2015-11-27T08:50:43+00:00,yes,2016-02-08T22:07:41+00:00,yes,First National Bank (South Africa)
3294943,http://www.pantaleon.hu/gallery/10/photos/pantelimon/,http://www.phishtank.com/phish_detail.php?phish_id=3294943,2015-07-01T08:15:23+00:00,yes,2016-01-26T19:27:42+00:00,yes,Deutsche Bank
3016773,http://www.ateliergarylee.com/images/on.php,http://www.phishtank.com/phish_detail.php?phish_id=3016773,2015-02-26T10:35:28+00:00,yes,2015-02-26T19:32:40+00:00,yes,Lloyds Bank
2574950,http://micro-sales.co.uk/cf.htm,http://www.phishtank.com/phish_detail.php?phish_id=2574950,2014-07-12T11:58:24+00:00,yes,2014-07-14T02:43:25+00:00,yes,Royal Bank of Scotland
1747145,http://www.semazen.net/live/index.php,http://www.phishtank.com/phish_detail.php?phish_id=1747145,2013-02-26T07:12:57+00:00,yes,2013-02-26T15:08:55+00:00,yes,Allied Bank Limited
1743141,http://www.semazen.net/images/zd/index.php,http://www.phishtank.com/phish_detail.php?phish_id=1743141,2013-02-22T04:49:08+00:00,yes,2013-02-22T11:51:37+00:00,yes,Allied Bank Limited
1735801,http://www.semazen.net/images/intro/index.php,http://www.phishtank.com/phish_detail.php?phish_id=1735801,2013-02-20T06:46:06+00:00,yes,2013-02-20T16:06:18+00:00,yes,Allied Bank Limited
5812712,http://amerixcanxxpress.myvnc.com/AMZ/login/home/,http://www.phishtank.com/phish_detail.php?phish_id=5812712,2018-10-11T19:35:03+00:00,yes,2018-10-12T05:42:52+00:00,yes,American Express
5807071,https://www.airtickets.fr/,http://www.phishtank.com/phish_detail.php?phish_id=5807071,2018-10-06T13:21:00+00:00,yes,2018-10-07T00:33:42+00:00,yes,American Express
5754878,https://yelizgullu.com/redd/intel.htm,http://www.phishtank.com/phish_detail.php?phish_id=5754878,2018-08-17T20:47:50+00:00,yes,2018-08-24T19:07:06+00:00,yes,American Express
5729217,http://fertimex.co.id/wp-content/uploads/elementor/modules/redirect.html,http://www.phishtank.com/phish_detail.php?phish_id=5729217,2018-07-25T13:11:58+00:00,yes,2018-08-01T20:49:01+00:00,yes,American Express
5712767,http://www.mindnewconsulting.com/assets/cretos,http://www.phishtank.com/phish_detail.php?phish_id=5712767,2018-07-03T00:02:56+00:00,yes,2018-07-05T07:49:59+00:00,yes,American Express
5712754,http://www.mindnewconsulting.com/assets/cretos/content/,http://www.phishtank.com/phish_detail.php?phish_id=5712754,2018-07-02T23:37:56+00:00,yes,2018-07-03T20:16:28+00:00,yes,American Express
5712753,http://mindnewconsulting.com/assets/cretos,http://www.phishtank.com/phish_detail.php?phish_id=5712753,2018-07-02T23:37:52+00:00,yes,2018-07-05T10:05:55+00:00,yes,American Express
5595644,http://www.bellaveiskincaretrial.com/,http://www.phishtank.com/phish_detail.php?phish_id=5595644,2018-04-18T13:27:44+00:00,yes,2018-05-14T14:58:12+00:00,yes,American Express
5580612,http://oimatsu.xsrv.jp/index.js,http://www.phishtank.com/phish_detail.php?phish_id=5580612,2018-04-12T10:56:49+00:00,yes,2018-05-14T09:45:54+00:00,yes,American Express
5259391,http://atomictimemachine.com/secured/American/Express,http://www.phishtank.com/phish_detail.php?phish_id=5259391,2017-10-02T20:16:18+00:00,yes,2017-10-14T22:37:01+00:00,yes,American Express
5211319,http://kondas.net/,http://www.phishtank.com/phish_detail.php?phish_id=5211319,2017-09-09T09:05:41+00:00,yes,2017-12-30T15:01:43+00:00,yes,American Express
4989866,http://www.labotp.pf/wp-includes/SimplePie/XML/Declaration/bre.htm,http://www.phishtank.com/phish_detail.php?phish_id=4989866,2017-05-09T15:35:15+00:00,yes,2017-07-09T14:17:22+00:00,yes,American Express
4886639,http://www.basilthai.co.nz/plugins/s.html,http://www.phishtank.com/phish_detail.php?phish_id=4886639,2017-03-20T01:38:07+00:00,yes,2017-03-23T22:49:20+00:00,yes,American Express
2311196,http://ftp.lesterandco.com/palermo/sections.js,http://www.phishtank.com/phish_detail.php?phish_id=2311196,2014-02-28T08:51:20+00:00,yes,2014-03-01T22:04:13+00:00,yes,American Express
4868498,http://www.melhordecampos.com.br/libraries/joomla/database/database/mysql/tyuio/,http://www.phishtank.com/phish_detail.php?phish_id=4868498,2017-03-11T04:02:01+00:00,yes,2017-05-03T15:48:46+00:00,yes,Banco De Brasil
4951469,http://survey.brainint.com.br/index.php/765573,http://www.phishtank.com/phish_detail.php?phish_id=4951469,2017-04-18T11:15:43+00:00,yes,2017-06-02T01:53:49+00:00,yes,Banco De Brasil
5032970,http://tiny.cc/bexjly,http://www.phishtank.com/phish_detail.php?phish_id=5032970,2017-06-02T05:42:02+00:00,yes,2017-10-22T10:45:14+00:00,yes,Banco De Brasil
5040675,http://bancodobrasil.acessocartao.com.br,http://www.phishtank.com/phish_detail.php?phish_id=5040675,2017-06-07T11:54:26+00:00,yes,2017-08-02T00:51:45+00:00,yes,Banco De Brasil
5091972,http://www.dreff.org/dreff2011/bb.com/index-min.php,http://www.phishtank.com/phish_detail.php?phish_id=5091972,2017-07-11T12:49:47+00:00,yes,2018-01-17T10:54:16+00:00,yes,Banco De Brasil
5098387,http://www.composed-chaos.com/store/skin/adminhtml/default/default/filesystem/images/BB/logon.php?acpf.IDH=sim&amp;perfil=1,http://www.phishtank.com/phish_detail.php?phish_id=5098387,2017-07-15T00:20:26+00:00,yes,2017-11-28T23:44:43+00:00,yes,Banco De Brasil
5101172,http://www.chorsmusic.com/plugins/go.php,http://www.phishtank.com/phish_detail.php?phish_id=5101172,2017-07-17T05:25:45+00:00,yes,2017-08-25T01:12:06+00:00,yes,Banco De Brasil
5215531,http://23.4.43.27/mobile.php,http://www.phishtank.com/phish_detail.php?phish_id=5215531,2017-09-12T12:47:04+00:00,yes,2018-02-24T06:04:52+00:00,yes,Banco De Brasil
5217353,https://5725cfd4-a-62cb3a1a-s-sites.googlegroups.com/site/admkamilaxml/Impimir_Boleto.zip?attachauth=ANoY7cpVbRZHyYri534m7POyx2Z-RMjONMNc4-74PfSyDiNQyS3olBRxopu36dxTN9HKszk4e_qRvL59cfu7-0yFhkWbjAr-rx7vnQhjWBBMOXpOfNRMUNeuHl2QVGe6XdxJqoCu8Bz5mJ97eE5cAe4XodJ6SRnhAYXhqwZ6iJsCOc-ko5wLqXblrcae4xsywMFv8DAcR7I4ku3wE0husLzs6yVKQTHjTQ%3D%3D&attredirects=0&d=1,http://www.phishtank.com/phish_detail.php?phish_id=5217353,2017-09-13T13:47:03+00:00,yes,2018-02-18T20:08:41+00:00,yes,Banco De Brasil
5239343,http://bbatualizacaodados.com/,http://www.phishtank.com/phish_detail.php?phish_id=5239343,2017-09-20T21:21:50+00:00,yes,2017-11-11T10:33:50+00:00,yes,Banco De Brasil
5403503,http://processoiniciado20390.net/mobileajahahahsss998458ahahahah284857s7sa.html,http://www.phishtank.com/phish_detail.php?phish_id=5403503,2017-12-28T16:28:19+00:00,yes,2018-02-18T20:11:44+00:00,yes,Banco De Brasil
5419712,http://surfistaaprendiz.life,http://www.phishtank.com/phish_detail.php?phish_id=5419712,2018-01-10T00:12:14+00:00,yes,2018-02-06T13:38:27+00:00,yes,Banco De Brasil
5466165,http://1ink.cc/d.php?uri=1439129&amp;r=,http://www.phishtank.com/phish_detail.php?phish_id=5466165,2018-02-06T12:03:21+00:00,yes,2018-02-15T17:41:29+00:00,yes,Banco De Brasil
5468823,http://paravoce-acesseportaldobrasil.com,http://www.phishtank.com/phish_detail.php?phish_id=5468823,2018-02-08T13:51:23+00:00,yes,2018-02-08T13:57:50+00:00,yes,Banco De Brasil
5568628,http://e.dtscout.com/e/,http://www.phishtank.com/phish_detail.php?phish_id=5568628,2018-04-05T07:20:46+00:00,yes,2018-06-09T17:45:51+00:00,yes,Banco De Brasil
5568615,http://br354.teste.website/~paragomi/wp-content/plugins/vc_responsive_design//assets/css/bb-vcedo.css,http://www.phishtank.com/phish_detail.php?phish_id=5568615,2018-04-05T07:17:40+00:00,yes,2018-05-14T09:37:57+00:00,yes,Banco De Brasil
5572698,http://atualizapass.mobi/app/index.php,http://www.phishtank.com/phish_detail.php?phish_id=5572698,2018-04-07T06:54:11+00:00,yes,2018-04-29T11:41:31+00:00,yes,Banco De Brasil
5572756,http://www.taxpark.com/qnaboard/NewDir/index.html,http://www.phishtank.com/phish_detail.php?phish_id=5572756,2018-04-07T07:02:11+00:00,yes,2018-05-14T09:37:55+00:00,yes,Banco De Brasil
5577305,http://gg.gg/9sxk6,http://www.phishtank.com/phish_detail.php?phish_id=5577305,2018-04-10T07:20:52+00:00,yes,2018-04-15T10:24:44+00:00,yes,Banco De Brasil
5582397,http://gg.gg/attclie009983,http://www.phishtank.com/phish_detail.php?phish_id=5582397,2018-04-13T06:13:10+00:00,yes,2018-04-15T05:14:08+00:00,yes,Banco De Brasil
5593971,http://gg.gg/9to7a,http://www.phishtank.com/phish_detail.php?phish_id=5593971,2018-04-17T05:33:49+00:00,yes,2018-04-20T06:49:35+00:00,yes,Banco De Brasil
5595363,http://gg.gg/attcliente,http://www.phishtank.com/phish_detail.php?phish_id=5595363,2018-04-18T06:16:12+00:00,yes,2018-05-14T09:37:37+00:00,yes,Banco De Brasil
5595322,http://gg.gg/9rbe7,http://www.phishtank.com/phish_detail.php?phish_id=5595322,2018-04-18T06:09:06+00:00,yes,2018-05-14T14:58:12+00:00,yes,Banco De Brasil
5600911,http://gg.gg/9y3pb,http://www.phishtank.com/phish_detail.php?phish_id=5600911,2018-04-24T06:55:02+00:00,yes,2018-05-14T09:37:29+00:00,yes,Banco De Brasil
5602218,http://www.babychristeninggowns.com.au/js/br/,http://www.phishtank.com/phish_detail.php?phish_id=5602218,2018-04-25T06:34:49+00:00,yes,2018-05-20T01:40:16+00:00,yes,Banco De Brasil
5613035,http://nypolisci.org/%20/,http://www.phishtank.com/phish_detail.php?phish_id=5613035,2018-05-04T06:45:21+00:00,yes,2018-05-14T09:37:12+00:00,yes,Banco De Brasil
5613024,http://gg.gg/9z0t5,http://www.phishtank.com/phish_detail.php?phish_id=5613024,2018-05-04T06:43:54+00:00,yes,2018-05-08T16:45:13+00:00,yes,Banco De Brasil
5613002,https://12d8b537-a-62cb3a1a-s-sites.googlegroups.com/site/documentosxmlx/Imprimir_2via-Boleto.zip?attachauth=ANoY7coaHY73TUAFBBdWOmu1M0i51nwGE8bXNf6a5oA_YP-ZaNOpFnWqPVKj_7-dQ2IuQ3COr-rK0Ey_hMawNql0H5wymjk9tiIqTl1AWLbqmfB7vTqIyvlDGSzALobd9S2Sd_u4Ek5TSrg2qqm2CJw79IXyEyAVfg25HJ_DhxM2au5Q9B_plWlC-GfeAhRzHPlSJRZ3PGAV9E5j9QlNv62-LmpkO5J_W8nleoLrb_VKWlALETs90PM%3D&attredirects=0,http://www.phishtank.com/phish_detail.php?phish_id=5613002,2018-05-04T06:34:48+00:00,yes,2018-05-17T13:05:30+00:00,yes,Banco De Brasil
5614485,http://gg.gg/a4n93,http://www.phishtank.com/phish_detail.php?phish_id=5614485,2018-05-05T06:59:24+00:00,yes,2018-05-05T22:40:33+00:00,yes,Banco De Brasil
5618745,http://gg.gg/a4nyw,http://www.phishtank.com/phish_detail.php?phish_id=5618745,2018-05-08T06:06:32+00:00,yes,2018-05-14T09:37:01+00:00,yes,Banco De Brasil
5624180,http://gg.gg/a7pwq,http://www.phishtank.com/phish_detail.php?phish_id=5624180,2018-05-12T06:23:13+00:00,yes,2018-05-14T09:36:36+00:00,yes,Banco De Brasil
5629985,http://central-autodigital.web5607.kinghost.net/loginusuariojspbb/AAASPOI450928479950239N05V95JD50JS942378F05293J84V557039480VN234580JF02539487V05980B09A69DS8/Identidade_Positiva/login.do2560.html?localhost=,http://www.phishtank.com/phish_detail.php?phish_id=5629985,2018-05-17T13:49:31+00:00,yes,2018-05-20T14:31:35+00:00,yes,Banco De Brasil
5630270,http://central-autodigital.web5607.kinghost.net/loginusuariojspbb/AAASPOI450928479950239N05V95JD50JS942378F05293J84V557039480VN234580JF02539487V05980B09A69DS8/Identidade_Positiva/login.do2560.html,http://www.phishtank.com/phish_detail.php?phish_id=5630270,2018-05-18T04:42:43+00:00,yes,2018-05-23T10:05:29+00:00,yes,Banco De Brasil
5630736,http://bbatualizacao.app/,http://www.phishtank.com/phish_detail.php?phish_id=5630736,2018-05-19T05:38:22+00:00,yes,2018-05-19T07:32:44+00:00,yes,Banco De Brasil
5658978,http://nypolisci.org/%20/app/,http://www.phishtank.com/phish_detail.php?phish_id=5658978,2018-05-24T07:02:14+00:00,yes,2018-06-11T20:54:45+00:00,yes,Banco De Brasil
5715728,http://floridamediation.com/calendar/codebase/recadastramento/mobile/,http://www.phishtank.com/phish_detail.php?phish_id=5715728,2018-07-06T07:39:27+00:00,yes,2018-07-10T02:09:10+00:00,yes,Banco De Brasil
5719060,http://dstats.net/fwd/s5sfdy,http://www.phishtank.com/phish_detail.php?phish_id=5719060,2018-07-10T07:08:58+00:00,yes,2018-07-11T13:46:03+00:00,yes,Banco De Brasil
5723885,http://bb-site.mobi,http://www.phishtank.com/phish_detail.php?phish_id=5723885,2018-07-16T08:30:53+00:00,yes,2018-07-21T00:44:59+00:00,yes,Banco De Brasil
5731418,https://app-sms-mobile.top,http://www.phishtank.com/phish_detail.php?phish_id=5731418,2018-07-27T07:47:24+00:00,yes,2018-08-05T10:29:15+00:00,yes,Banco De Brasil
5759229,http://atendimento-bb-seguro.contrerasandres.com,http://www.phishtank.com/phish_detail.php?phish_id=5759229,2018-08-22T11:27:53+00:00,yes,2018-08-24T05:13:52+00:00,yes,Banco De Brasil
5796152,http://www.sdebitoapp.tk/bb/bb/,http://www.phishtank.com/phish_detail.php?phish_id=5796152,2018-09-26T15:11:35+00:00,yes,2018-09-27T07:10:15+00:00,yes,Banco De Brasil
5803020,http://www.ctnrdobrasil.com.br/,http://www.phishtank.com/phish_detail.php?phish_id=5803020,2018-10-02T19:50:51+00:00,yes,2018-10-02T19:54:02+00:00,yes,Banco De Brasil
5811673,http://smart001.000webhostapp.com/s,http://www.phishtank.com/phish_detail.php?phish_id=5811673,2018-10-10T18:07:37+00:00,yes,2018-10-11T04:49:06+00:00,yes,Banco De Brasil
5812975,https://atendimentosac.club/atendimento/contato/login.do2562.html,http://www.phishtank.com/phish_detail.php?phish_id=5812975,2018-10-12T02:06:21+00:00,yes,2018-10-12T07:30:02+00:00,yes,Banco De Brasil
,www.hsbc-direct.com,,,yes,,yes,HSBC Bank
, www.natwesti.com,,,yes,,yes,NatWest Bank
, www.barclaya.net,,,yes,,yes,Barclays Bank 
,www.barclays-supports.com,,,yes,,yes,Barclays Bank
, www.lloydstsbs.com,,,yes,,yes,LLoyds Bank
6556973,http://chaseoip.gotdns.ch/secure/bankofamerica/a97079e5/Successfull.php?cmd=_account-details&amp;session=40f049fdcfc3675cbecabdf9df3c3d57&amp;dispatch=5ccef7d8c1a0f5e2f123db11c7b0ecdf78626d62,http://www.phishtank.com/phish_detail.php?phish_id=6556973,2020-05-09T21:00:33+00:00,yes,2020-05-09T21:02:35+00:00,yes,other
6556927,http://chaseoip.gotdns.ch/secure/bankofamerica/dc950197/overviewshn.php?cmd=_account-details&amp;session=c7e2a951d064baf0e4d58d9bef379998&amp;dispatch=e7b793f8f13c46953ea76a01466ca5e07b1b4010,http://www.phishtank.com/phish_detail.php?phish_id=6556927,2020-05-09T20:02:56+00:00,yes,2020-05-09T20:07:12+00:00,yes,other
6556532,https://kurskin.be/wp-content/plugins/woocommerce/vendor/mtb2020/onlinebankingmtb,http://www.phishtank.com/phish_detail.php?phish_id=6556532,2020-05-09T15:01:33+00:00,yes,2020-05-09T15:04:11+00:00,yes,other
6556530,http://kurskin.be/wp-content/plugins/woocommerce/vendor/mtb2020/onlinebankingmtb/authenticate.html?onlinebanking.mtb.com/Login/MTBSignOn,http://www.phishtank.com/phish_detail.php?phish_id=6556530,2020-05-09T15:01:25+00:00,yes,2020-05-09T15:04:11+00:00,yes,other
6556172,http://speedy.com.pk/wp-content/plugins/rbcbank19/rbcgi3m01.php?rbaccess,http://www.phishtank.com/phish_detail.php?phish_id=6556172,2020-05-09T11:04:19+00:00,yes,2020-05-09T11:11:29+00:00,yes,other
6556124,https://flightattendantessentials.com/wp-content/upgrade/b2020123/1/run/index.php,http://www.phishtank.com/phish_detail.php?phish_id=6556124,2020-05-09T11:01:48+00:00,yes,2020-05-09T11:05:03+00:00,yes,Bank of America Corporation
6556065,http://bank-sec.com/,http://www.phishtank.com/phish_detail.php?phish_id=6556065,2020-05-09T10:23:51+00:00,yes,2020-05-09T10:25:21+00:00,yes,other
6555779,https://faridabadeducationcouncil.com/chase/Chasebank/login.php?REDACTED=,http://www.phishtank.com/phish_detail.php?phish_id=6555779,2020-05-09T04:00:48+00:00,yes,2020-05-09T04:02:10+00:00,yes,other
6555690,http://scotialbankcolpatria.com/banca-virtual/login,http://www.phishtank.com/phish_detail.php?phish_id=6555690,2020-05-09T02:07:21+00:00,yes,2020-05-09T02:20:56+00:00,yes,other
6555631,http://faridabadeducationcouncil.com/chase/Chasebank/,http://www.phishtank.com/phish_detail.php?phish_id=6555631,2020-05-09T02:03:37+00:00,yes,2020-05-09T02:11:10+00:00,yes,other
6555490,https://www-scotiiabaank-com-mx.i7520.xyz/mxonlinev1/contrasenaerror.php?,http://www.phishtank.com/phish_detail.php?phish_id=6555490,2020-05-08T23:34:15+00:00,yes,2020-05-09T10:58:17+00:00,yes,Scotiabank
6554538,https://netpaymentservices.com/banks/Desjardins/,http://www.phishtank.com/phish_detail.php?phish_id=6554538,2020-05-08T14:01:19+00:00,yes,2020-05-08T14:04:21+00:00,yes,other
6554484,http://5eab39a111b48.site123.me,http://www.phishtank.com/phish_detail.php?phish_id=6554484,2020-05-08T13:36:46+00:00,yes,2020-05-08T14:17:40+00:00,yes,Bank of the West
6554485,https://5eab39a111b48.site123.me/,http://www.phishtank.com/phish_detail.php?phish_id=6554485,2020-05-08T13:36:46+00:00,yes,2020-05-08T14:16:34+00:00,yes,Bank of the West
6554349,https://proxyx.ru:443/,http://www.phishtank.com/phish_detail.php?phish_id=6554349,2020-05-08T10:42:29+00:00,yes,2020-05-08T10:48:04+00:00,yes,Nantucket Bank
6554348,http://proxyx.ru,http://www.phishtank.com/phish_detail.php?phish_id=6554348,2020-05-08T10:42:27+00:00,yes,2020-05-08T10:48:04+00:00,yes,Nantucket Bank
6554026,http://itmrs.com/fxzmcv/bankofamerica/index.html,http://www.phishtank.com/phish_detail.php?phish_id=6554026,2020-05-08T04:01:35+00:00,yes,2020-05-08T04:05:01+00:00,yes,other
6553972,http://tapetecouromundisc.com.br/bankofamerica/login.php,http://www.phishtank.com/phish_detail.php?phish_id=6553972,2020-05-08T03:05:15+00:00,yes,2020-05-08T03:13:05+00:00,yes,other
6553905,http://175.107.206.134/wp-content/plugins/rbcbank19/rbcgi3m01.php?rbaccess&amp;amp,http://www.phishtank.com/phish_detail.php?phish_id=6553905,2020-05-08T03:00:33+00:00,yes,2020-05-08T03:02:15+00:00,yes,other
6553825,http://minagi.org/bank/bankofamerica/login/sign-in/,http://www.phishtank.com/phish_detail.php?phish_id=6553825,2020-05-08T02:03:57+00:00,yes,2020-05-08T02:10:23+00:00,yes,other
6552794,http://117.58.240.177/rcu/images/patterns/1.royalbank.html,http://www.phishtank.com/phish_detail.php?phish_id=6552794,2020-05-07T15:06:29+00:00,yes,2020-05-07T15:20:45+00:00,yes,other
,http://micro-sales.co.uk/cf.htm,,,,,,
,http://dichvuvnpt.com/home/components/com_user/bbtonline.html,,,,,,
,https://bankcampuscareers.tal.net/vx/lang-en-GB/candidate/application/292496,,,,,,
,http://www.thewebclinic.co.uk/de/sparkasse/login-online-banking.html=true/,,,,,,
,http://fremontriverrock.jaredspaulding.com/wp-content/file/,,,,,,
,http://www.maruei.com.br/stur.php,,,,,,
,http://dachdeckermeister-steffenoehler.de/libraries/joomla/http/transport/http/,,,,,,
,https://www.kisa.link/error.html?e=Bu+k%C4%B1sa+link+art%C4%B1k+aktif+de%C4%9Fildir,,,,,,
,http://feelio.cc/_archived/U.S.Bank/U.S.Bank/home/auth,,,,,,
,http://feelio.cc/_archived/U.S.Bank/U.S.Bank/home/auth/,,,,,,
,http://feelio.cc/_archived/U.S.Bank/U.S.Bank/home/auth/information.php,,,,,,
,http://andbank.me.ma,,,,,,
,https://www.adventurediscoverytravel.com/,,,,,,
,https://fls.doubleclick.net/activityi;src=1359940;type=email153;cat=al,,,,,,
,http://hausbau.rs/modules/mod_error/Secure/,,,,,,
,http://www.laurellakehouse.com/wp-content/plugins/sad/91a1552e72730701911985a3de8b4895,,,,,,
,http://139.59.201.27/banks/National/98e8eaceadbad3aa9ee97edf8582f54c/,,,,,,
,",https://centrodenegociosconcepcion.cl/wp-includes/js/mediaelement/myfibank/account/",,,,,,
,http://www.eskaton.it/myaccount/Bank.php,,,,,,
,http://nationwide-com.com/nationwide-banking/nationwide-banking-credit-card-3/,,,,,,
,https://www.carddesignstudio.com/allaboutme/designer/wellsfargobank/DeviceNotSupported.shtml,,,,,,
,http://busywithwork.com/wp-content/plugins/index/CapitalOne360/UpdateBanking.php,,,,,,
,http://firstbanktrust1.vmpxsites.com/,,,,,,
,http://www.nomad-art.hu/atik.htm,,,,,,
,http://174.138.36.47/banks/ATB/confirm.html,,,,,,
,http://174.138.36.47/banks/ATB,,,,,,
,http://174.138.36.47/banks/ATB/,,,,,,
,http://174.138.36.47/banks/ATB/last.html,,,,,,
,https://dbs.rewardgateway.co.uk,,,,,,
,https://www.login-bank.org/bremer-bank/,,,,,,
,https://www.login-bank.org/bankplus/,,,,,,
,https://www.login-bank.org/bremer-bank,,,,,,
,https://www.login-bank.org/bankplus,,,,,,
,http://alsolimangroup.com/scd.kerp/sc.php,,,,,,
,http://www.prosignum.sk/karo.htm,,,,,,
,https://www.bankofamerica.name,,,,,,
,http://mybankicbc.com//client_index.php,,,,,,
,https://bankofamerica-secureidentityverificationservicesonlineinstantly.mascoginstituionoas.com/,,,,,,
,http://vwbank.inforia.net/,,,,,,
,http://www.phishtank.com/phish_detail.php?phish_id=6234674,,,,,,
,http://infantbaptism.net/libraries/fof/utils/ip/contest.php/nzhf/bew/?happen=1nymrgn01h20f,,,,,,
,"http://revenueemployementinterac.com/nb/client/infos/banks/Desjardins/,http://www.phishtank.com/phish_detail.php?phish_id=6268482,2019-11-05T02:05:45+00:00",,,,,,
,http://www.arrowcase.com/wp-content/plugins/bankofamerica.com.update/,,,,,,
,http://www.arrowcase.com/wp-content/plugins/bankofamerica.com.update,,,,,,
,http://www.cdmorris.com/trojwies.us/forums/images/regimage/fonts/discuss/menuimg.php/uxk/mvewr/?spent=sv1qq07vbm77r,,,,,,
,https://blog.mejoramiso.com/boardsearch.php/dbrp/gsyp/?result=ngpzysmtx1h0d555,,,,,,
,http://insularbank.ph/nt4/erty34563745yerthertye5y634563yer/index.php?email=memberservices@legalshield.com,,,,,,
,",http://insularbank.ph/nt4/erty34563745yerthertye5y634563yer/index.php?email=ggradnigo@prepaidlegal.com",,,,,,
,"https://rebrand.ly/9m831w,http://www.phishtank.com/phish_detail.php?phish_id=6288101",,,,,,
,http://avenuebeautyla.com/wp-admin/css/colors/blue/testfile/menugen/store-cms.php/pnr/cfpq/?produce=1x0qecaw77qb7,,,,,,
,http://theoutlet66mall.com/dff/Account/index.php?email=ekasimati@bankofgreece.gr,,,,,,
,"http://cheshiredriveandpatios.co.uk/tran.php,http://www.phishtank.com/phish_detail.php?phish_id=6297811",,,,,,
,http://trustveda.com/wp-admin/includes/bankofamerica/home/,,,,,,
,http://trustveda.com/wp-admin/includes/bankofamerica/home/login.php?cmd=login_submit&id=cb56f6f28a61856fd30712d14ebbd8b1cb56f6f28a61856fd30712d14ebbd8b1&session=cb56f6f28a61856fd30712d14ebbd8b1cb56f6f28a61856fd30712d14ebbd8b1,,,,,,
,http://trustveda.com/wp-admin/includes/bankofamerica/home/login.php?cmd=login_submit&id=30373450a9cc3e1ac9f87a31deb0c49c30373450a9cc3e1ac9f87a31deb0c49c&session=30373450a9cc3e1ac9f87a31deb0c49c30373450a9cc3e1ac9f87a31deb0c49c,,,,,,
,http://trustveda.com/wp-admin/includes/bankofamerica/home/login.php?cmd=login_submit&amp;id=6f5ab943d98bae70c41694ab39618a9d6f5ab943d98bae70c41694ab39618a9d&amp;session=6f5ab943d98bae70c41694ab39618a9d6f5ab943d98bae70c41694ab39618a9d,,,,,,
,http://fidoprovider.com/directing/www1.royalbank.com/cgi-bin/rbaccess/rbunxcgi/ClientSignin.htm,,,,,,
,http://159.65.133.234/directing/www1.royalbank.com/cgi-bin/rbaccess/rbunxcgi,,,,,,
,http://bizwebnature.wr02.dhrcenter.com/wp-content/themes/Blog_Shop/libs/sitemap1.php/racsc/eba/?sense=cmavw1af0777m,,,,,,
,http://secure-info.co.uk/totalsupportuk.co.uk/images/main/spoint_popup/wp-useronline/information-66/savecart/productsearch/contact2.php/ktqg/yvsvf/?greatest=axss1tats0590,,,,,,
,http://vipdomainshop.com/.well-known/bankofamerica.com.login.update/update.html,,,,,,
,http://vipdomainshop.com/.well-known/bankofamerica.com.login.update/,,,,,,
,http://vipdomainshop.com/.well-known/bankofamerica.com.login.update,,,,,,
,http://vipdomainshop.com/.well-known/bankofamerica.com.login.update/signInScreen.go.html,,,,,,
,https://vensyemall.com/sgl/login/dbs/in/log/login.php?cmd=login_submit&id=c02ea6ed0c8252402b15247c57aae8f2c02ea6ed0c8252402b15247c57aae8f2&session=c02ea6ed0c8252402b15247c57aae8f2c02ea6ed0c8252402b15247c57aae8f,,,,,,
,"https://vensyemall.com/sgl/login/dbs/in/log/index.php,http://www.phishtank.com/phish_detail.php?phish_id=6318554",,,,,,
,http://blog.cotiabank.paypal-login.us/,,,,,,
,https://infobank.app.link/?platform=hootsuite,,,,,,
,http://infobank.app.link/?platform=hootsuite,,,,,,
,https://www.mimarfid.com/,,,,,,
,https://zasobygwp.pl/redirect?sig=4201f8abbbef87a92f1fda2709ee3c1f3e0533d1cad081abd7805fcfb32440cb&amp;url=aHR0cHM6Ly9yZWJyYW5kLmx5L2gwamZpag==&amp;platform=app_android&amp;brand=o2,,,,,,
,http://telalmakkah.com/dan/bankofamerica/fullz.php,,,,,,
,http://qabankofamerica.benefitcentre.com,,,,,,
,https://qabankofamerica.benefitcentre.com/globalwar/pub/logon.jsp?TYPE=33554433&REALMOID=06-344a25b5-8b86-1015-a671-84a735820cb3&GUID=&SMAUTHREASON=0&METHOD=HEAD&SMAGENTNAME=-SM-BPtV5%2buJbirbd77%2b5My%2bzLJFMNLUAFH%2fYiZu44I%2f8ZSqYHyg1tAcbpXACNtI1rTmHtK6xpH8%2frs6WspdqCyB%2bwEXcCAEaKrt2GzYjtcuPImguihfPg9XHaYEEs%2ff3lay&TARGET=-SM-https%3a%2f%2fqabankofamerica%2ebenefitcentre%2ecom%2f,,,,,,
,https://alibita.com/btcqiwi,,,,,,
,https://yrcpi5xiyk5p6jjyzy3zhybgy6vsiymp4wrfptss3xqpcadpdtgq.litepages.googlezip.net/p?u=https://basico.agibank.com.br/,,,,,,
,http://officialbankofamericabankingsystem.purepanic99.repl.run,,,,,,
,"http://telalmakkah.com/dan/bankofamerica/thanks.php?cmd=login_submit&amp;idvr8ifo9ypguuxnqfshb4yyzfvr8ifo9ypguuxnqfshb4yyzf,",,,,,,
,"http://inx.lv/zoow,http://www.phishtank.com/phish_detail.php?phish_id=6347307",,,,,,
,http://www.citizenfinancialbank.com/n/zimbra,,,,,,
,http://www.citizenfinancialbank.com/n/zimbra/,,,,,,
,http://www.citizenfinancialbank.com/n/zimbra,,,,,,
,http://www.bankofamericaonlinesignin.elevator-love.com,,,,,,
,http://mail.bankofamericaonlinesignin.net,,,,,,
,https://mail.bankofamericaonlinesignin.net,,,,,,
,http://www.bankofamericaonlinesignin.ne,,,,,,
,https://www.bankofamericaonlinesignin.net,,,,,,
,https://www.bankofamericaonlinesignin.elevator-love.com,,,,,,
,http://www.bankofamericaonlinesignin.net/,,,,,,
,http://bankofamericaonlinesignin.elevator-love.com,,,,,,
,https://www.bankofamericaonlinesignin.net/,,,,,,
,https://bankofamericaonlinesignin.elevator-love.com,,,,,,
,http://internet-banking.ch-creditsuisse.com/internet-banking/account_login.php,,,,,,
,http://co.uvpn.west.corp.tiaabankvoices-com.out.paypallogon.net/,,,,,,
,http://citizenfinancialbank.com/n/zimbra,,,,,,
,http://bitly.com/30zynmi,,,,,,
,https://yea.to/VERIFY-ATM,,,,,,
,https://www.shortlink.net/VERIFY-ATM,,,,,,
,http://www.samducksports.com/wp-content/envato-backups/.ST/POSBEV/,,,,,,
,http://www.iscbankofamerica.net,,,,,,
,http://humani.biz/admin/contents/.set/POSBEV/,,,,,,
,http://rusnod.ru/internod/,,,,,,
,http://juliekrafchick.com/chan.htm,,,,,,
,http://www.e-castle.co.kr/data/shok/POSBEV/,,,,,,
,https://lightweightworks.com/administrator/language/en-GB/index.php,,,,,,
,https://cyber-punk2077.com/wp-admin/NetBanking/Login.htm,,,,,,
,https://xn--hravfall-9za.com/wp-content/bankofamerica.com.login.adas321321/?_branch_match_id=754708610555313321,,,,,,
,http://photopicstudio.com/xzwdbnms242435/chasebank_575281/home_user/signin.php,,,,,,
,http://online-unicrdbulgbankbg.net/online/,,,,,,
,http://www.bankofamerica.gonatmed.com,,,,,,
,https://autowoz.ru/wp-admin/NetBanking/Login.htm,,,,,,
,https://hobbhobby.ru/wp-admin/NetBanking/iBkPersSite/digi1.php,,,,,,
,https://rongbachkim.tv/verificacion/home.php,,,,,,
,https://start-123.ru/Notificaciones_Banreservas/NetBanking/Login.htm,,,,,,
,https://www.infolog24.ru/old/wp-admin/NetBanking/Login.htm,,,,,,
,https://www.benson6303.com/wp-includes/SimplePie/Content/docfile/Docuimage/?email=behzad.khan@bankalhabib.com,,,,,,
,http://sfgreenbiz.org/financial_services/476_wells_fargo_bank_bayview_hunters_point/visit/index.html,,,,,,
,http://secure.bankofamerica.com-login-sign-in-signonv2screen.go.suzukihaiphong.com.vn/,,,,,,
,http://secure.bankofamerica.com-login-sign-in-signonv2screen.go.suzukihaiphong.com.vn/final/,,,,,,
,http://secure.bankofamerica.com-login-sign-in-signonv2screen.go.suzukihaiphong.com.vn/final,,,,,,
,https://briddhi.org/vendor/indexxx.html,,,,,,
,http://xn--bankofmerca-3ij68171c.vg,,,,,,
,http://posmanager.ecobank.group/,,,,,,
,http://165.22.103.235/banks,,,,,,
,https://bethesdaalur.org/bankare/oproissf/eredggg/,,,,,,
,https://bethesdaalur.org/terfsdf/ubsfsghf/lkdhdyd,,,,,,
,https://bethesdaalur.org/dswrghh/trdgddhdh/zesshsh,,,,,,
,https://bethesdaalur.org/aghtfhh/tghfhh/etethdjj,,,,,,
,https://bluemarble.cloud/wp-includes/Requests/ChaseBankPage/chase/home/signin.php?session=353731393065,,,,,,
,https://bluemarble.cloud/wp-includes/Requests/ChaseBankPage/chase/home/signin.php?session=376233303132,,,,,,
,https://bluemarble.cloud/wp-includes/Requests/ChaseBankPage/chase/home/signin.php?session=636534383361,,,,,,
,https://starllingbank.co.uk/home.php,,,,,,
,https://faderfaderfader.com/wp-includes/js/swfupload/onlinebankingmtb/index.html,,,,,,
,https://faderfaderfader.com/wp-includes/js/swfupload/onlinebankingmtb/index.html,,,,,,
,https://faderfaderfader.com/wp-includes/js/swfupload/onlinebankingmtb,,,,,,
,http://sfahmedco.org/admin/image/www.bankofamerica.com/message.htm,,,,,,
,http://faderfaderfader.com/wp-includes/js/swfupload/onlinebankingmtb/index.html,,,,,,
,http://golosavk.vipshop.ru,,,,,,
,https://rbcroyalbankv.com/index.php/false,,,,,,
,https://newlocal.ru,,,,,,
,http://159.65.133.234/directing/www1.royalbank.com/cgi-bin/rbaccess/rbunxcgi/,,,,,,
,https://www.cedemex.cl/citibank.com/US/surf3.php,,,,,,
,https://usbank.app.link/NquAmzCW01?platform=hootsuite,,,,,,
,https://realvcc.com/product-tag/paypal-vba-micro-deposit-us-virtual-bank/,,,,,,
,https://pervee.ru/wp-admin/RS/NetBanking/Login.htm,,,,,,
,http://www.bimovia.com/wp-admin/user/www.bankofamerica.com.login.update,,,,,,
,http://www.bimovia.com/wp-admin/user/www.bankofamerica.com.login.update/,,,,,,
,http://www.bimovia.com/wp-admin/user/www.bankofamerica.com.login.update/signInScreen.go.html,,,,,,
,http://www.bimovia.com/wp-admin/user/www.bankofamerica.com.login.update/update.html,,,,,,
,https://www.bimovia.com/wp-admin/user/www.bankofamerica.com.login.update/update.html,,,,,,
,https://www.bimovia.com/wp-admin/user/www.bankofamerica.com.login.update/,,,,,,
,https://www.bimovia.com/wp-admin/user/www.bankofamerica.com.login.update,,,,,,
,https://actionfilmz.com/access/succeed/success.php,,,,,,
,https://www.bimovia.com/wp-admin/user/www.bankofamerica.com.login.update/signInScreen.go.html,,,,,,
,https://myozhost.com/otpbank.hu/index.html,,,,,,
,https://myozhost.com/otpbank.hu/otp.html,,,,,,
,https://myozhost.com/otpbank.hu/details.html,,,,,,
,https://thesamjain.com/assets/boa/BankOfAmerica2017/BankOfAmerica/login.php?cmd=login_submit&id=6477cced0ce76171bacc01897be3069c6477cced0ce76171bacc01897be3069c&session=6477cced0ce76171bacc01897be3069c6477cced0ce76171bacc01897be3069c,,,,,,
,https://thesamjain.com/assets/boa/BankOfAmerica2017/BankOfAmerica/index.php,,,,,,
,https://thesamjain.com/assets/boa/BankOfAmerica2017/BankOfAmerica/login.php,,,,,,
,https://thesamjain.com/assets/boa/BankOfAmerica2017/BankOfAmerica/login.php?cmd=login_submit&id=d7f5004e95887b983233959501414b84d7f5004e95887b983233959501414b84&session=d7f5004e95887b983233959501414b84d7f5004e95887b983233959501414b84,,,,,,
,https://thesamjain.com/assets/boa/BankOfAmerica2017/BankOfAmerica/next3.php,,,,,,
,https://thesamjain.com/assets/boa/BankOfAmerica2017/BankOfAmerica/login.php?cmd=login_submit&amp;id=48f024cdfea139c39efcc7377796ff0648f024cdfea139c39efcc7377796ff06&amp;session=48f024cdfea139c39efcc7377796ff0648f024cdfea139c39efcc7377796ff06,,,,,,
,https://thesamjain.com/assets/boa/BankOfAmerica2017/BankOfAmerica/login.php?cmd=login_submit&amp;id=40baff55a839bec45bdff1132b8caa9640baff55a839bec45bdff1132b8caa96&amp;session=40baff55a839bec45bdff1132b8caa9640baff55a839bec45bdff1132b8caa96,,,,,,
,http://myozhost.com/otpbank.hu,,,,,,
,http://myozhost.com/otpbank.hu/,,,,,,
,http://myozhost.com/otpbank.hu/otp.html,,,,,,
,http://myozhost.com/otpbank.hu/details.html,,,,,,
,",https://www.authpro.com/auth/ubabankng/?action=reg",,,,,,
,http://35.188.36.185/bank_of_america/22-03-2020/AS42926/website/bimovia.com/wp-admin/user/www.bankofamerica.com.login.update/,,,,,,
,http://35.188.36.185/bank_of_america/22-03-2020/AS42926/website/bimovia.com/wp-admin/user/www.bankofamerica.com.login.update,,,,,,
,http://35.188.36.185/bank_of_america/22-03-2020/AS42926/website/bimovia.com/wp-admin/user/www.bankofamerica.com.login.update/index.html,,,,,,
,https://signonv2screen.verificationbankofamericas.com.zases3.com/1kBtmlmKMGfVcUWPHoealcYB10HooyQ_cNoBeMTYwEpg/cpsess2328614446-01/cargando/home.html,,,,,,
,https://www.signonv2screen.verificationbankofamericas.com.zases3.com/1kBtmlmKMGfVcUWPHoealcYB10HooyQ_cNoBeMTYwEpg/cpsess2328614446-01/cargando/home.html,,,,,,
,"https://voisarov.ru/wp-includes/ID3/RS/NetBanking/Login.htm,http://www.phishtank.com/phish_detail.php?phish_id=6472085",,,,,,
,http://eatax.net/exambank/m0.php,,,,,,
,http://lakesidebankplc.com/en/online-banking/index.html,,,,,,
,https://jsignprint.com/inf/co.php,,,,,,
,http://beauty-g-tanaka.com/wordpress6/wp-content/https:/online.lloydsbank.co.uk/personal/76abc50d32fc911204b0792188e2dc40/mobile/index.php,,,,,,
,",http://176.119.1.180/fk/secure.getinbank.pl/",,,,,,
,http://176.119.1.180/fk/secure.getinbank.pl,,,,,,
,https://650vm.app.link/eZL4x0N7m5,,,,,,
,https://fj1gh.app.link/w7m5S2lYn5,,,,,,
,http://ministeriodesalud.chubut.gov.ar/wp-content/languages/bulkdiscounts/outajax.php/pfbsu/bmnqr/?isnt=1x11dhet0pz0a,,,,,,
,http://www.myappwiz.com/home/redirect?targetUrl=https://dankia-es-bank.com,,,,,,
,https://comocurarhemorroides.org/.net/,,,,,,
,https://phogovip.vn/user/app-seguro/clientepbb/?cliente=vsdvsd@vsdvsd.com.br&amp;id_cliente=68529,,,,,,
,http://granulares.frlp.utn.edu.ar/wp-content/languages/cielo/?cliente=pesca@casabatistadaamizade.org.br,,,,,,
,http://laurenbowling.com/.well-known/ib.extracted/~~Express%20-%20Manage%20Devices%20-%20Absa%20Online.htm,,,,,,
,https://danskebank.joomla.com/cli/swiss/9b4a6253c1605b1/login.php?#_9b4a6253c1605b18d,,,,,,
,https://danskebank.joomla.com/cli/swiss/9b4a6253c1605b1/login.php,,,,,,
,http://posb-ibanking-demo.herokuapp.com/,,,,,,
,http://bank-of-america-secure00.dns05.com/boa/c66f4400c66259105a6f2cda99cc5f41/view/login.php?cmd=login_submit&amp;id=64ba2a0bef245a28b746c32b0aa04fc164ba2a0bef245a28b746c32b0aa04fc1&amp;session=64ba2a0bef245a28b746c32b0aa04fc164ba2a0bef245a28b746c32b0aa04fc1,,,,,,
,http://bank-of-america-secure00.dns05.com/boa/c66f4400c66259105a6f2cda99cc5f41/view/login.php?cmd=login_submit&id=5933dfec9b5af168fb168f6bca958b635933dfec9b5af168fb168f6bca958b63&session=5933dfec9b5af168fb168f6bca958b635933dfec9b5af168fb168f6bca958b63,,,,,,
,http://bank-of-america-secure00.dns05.com/boa/c66f4400c66259105a6f2cda99cc5f41/view,,,,,,
,http://bank-of-america-secure00.dns05.com/boa/c66f4400c66259105a6f2cda99cc5f41/view/login.php?cmd=login_submit&id=6958c7f5eb3f9b9623319106debb1d5f6958c7f5eb3f9b9623319106debb1d5f&session=6958c7f5eb3f9b9623319106debb1d5f6958c7f5eb3f9b9623319106debb1d5f,,,,,,
,http://bank-of-america-secure00.dns05.com/boa/c66f4400c66259105a6f2cda99cc5f41/view/,,,,,,
,http://bank-of-america-secure00.dns05.com/boa/c66f4400c66259105a6f2cda99cc5f41/view/login.php?cmd=login_submit&amp;id=75e0c0c60d32975b9c777409ca30cdd775e0c0c60d32975b9c777409ca30cdd7&amp;session=75e0c0c60d32975b9c777409ca30cdd775e0c0c60d32975b9c777409ca30cdd7,,,,,,
,https://stroycenter.net/wp-content/upgrade/NetBanking/Login.htm,,,,,,
,https://www.spaceexperts.co.in/public/ckeditor/ckeditor/samples/old/assets/update.php,,,,,,
,https://eastviewcobbs.com.au/wp-includes/js/plupload/mtb2020/onlinebankingmtb/,,,,,,
,http://bank-of-america-secure00.dns05.com/boa/c66f4400c66259105a6f2cda99cc5f41/mobile/login.php?userid=,,,,,,
,http://bank-of-america-secure00.dns05.com/boa/c66f4400c66259105a6f2cda99cc5f41/view/login.php?userid=,,,,,,
,http://bank-of-america-secure00.dns05.com/boa/c66f4400c66259105a6f2cda99cc5f41/,,,,,,
,http://bank-of-america-secure00.dns05.com/boa/c66f4400c66259105a6f2cda99cc5f41/view/login.php?cmd=login_submit&amp;id=1b8876a507931fe09cea69ed4bf8e6671b8876a507931fe09cea69ed4bf8e667&amp;session=1b8876a507931fe09cea69ed4bf8e6671b8876a507931fe09cea69ed4bf8e667,,,,,,
,https://eastviewcobbs.com.au/wp-includes/js/plupload/mtb2020/onlinebankingmtb,,,,,,
,http://bank-of-america-secure00.dns05.com/boa/c66f4400c66259105a6f2cda99cc5f41,,,,,,
,https://westhorizonfund.com/ibanking/,,,,,,
,https://westhorizonfund.com/ibanking,,,,,,
,http://westhorizonfund.com/ibanking/,,,,,,
,http://westhorizonfund.com/ibanking,,,,,,
,http://aubootlegger.com/rbcroyalbank/home/app/log.php,,,,,,
,http://aubootlegger.com/rbcroyalbank/home/app/index2.php,,,,,,
,https://storage.googleapis.com/systematic/standardbanks.co.za.html,,,,,,
,https://storage.googleapis.com/systematic/bankofamericadon.html,,,,,,
,http://seeannsave.com/wp-content/themes/twentyfifteen/covid1.0ByKillaKam/Canada/directing/www1.royalbank.com/cgi-bin/rbaccess/rbunxcgi/rbcgi3m01.php,,,,,,
,http://seeannsave.com/wp-content/themes/twentyfifteen/covid1.0ByKillaKam/Canada/directing/www1.royalbank.com/cgi-bin/rbaccess/rbunxcgi/ClientSignin.htm,,,,,,
,http://wiadomosci-info.24f.eu/,,,,,,
,https://564fa11085.nxcli.net/Nike/linkedin/source/index.php?email=quangnn2@vpbank.com.vn,,,,,,